[
  {
    "": 30859,
    "NAICS_Code": "106888",
    "NAICS_Code.1": 789
  },
  {
    "": 454095,
    "NAICS_Code": "111110",
    "NAICS_Code.1": 790
  },
  {
    "": 349979,
    "NAICS_Code": "111130",
    "NAICS_Code.1": 791
  },
  {
    "": 1908,
    "NAICS_Code": "111199",
    "NAICS_Code.1": 792
  },
  {
    "": 375332,
    "NAICS_Code": "111211",
    "NAICS_Code.1": 793
  },
  {
    "": 36140,
    "NAICS_Code": "111219",
    "NAICS_Code.1": 794
  },
  {
    "": 1250,
    "NAICS_Code": "111332",
    "NAICS_Code.1": 795
  },
  {
    "": 25555,
    "NAICS_Code": "111334",
    "NAICS_Code.1": 796
  },
  {
    "": 211122,
    "NAICS_Code": "111335",
    "NAICS_Code.1": 797
  },
  {
    "": 315096,
    "NAICS_Code": "111336",
    "NAICS_Code.1": 798
  },
  {
    "": 106,
    "NAICS_Code": "111339",
    "NAICS_Code.1": 799
  },
  {
    "": 6475,
    "NAICS_Code": "111411",
    "NAICS_Code.1": 800
  },
  {
    "": 337239,
    "NAICS_Code": "111419",
    "NAICS_Code.1": 801
  },
  {
    "": 19589,
    "NAICS_Code": "111421",
    "NAICS_Code.1": 802
  },
  {
    "": 31100,
    "NAICS_Code": "111422",
    "NAICS_Code.1": 803
  },
  {
    "": 30680,
    "NAICS_Code": "111940",
    "NAICS_Code.1": 804
  },
  {
    "": 26381,
    "NAICS_Code": "111998",
    "NAICS_Code.1": 805
  },
  {
    "": 19013,
    "NAICS_Code": "112111",
    "NAICS_Code.1": 806
  },
  {
    "": 336738,
    "NAICS_Code": "112112",
    "NAICS_Code.1": 807
  },
  {
    "": 19099,
    "NAICS_Code": "112120",
    "NAICS_Code.1": 808
  },
  {
    "": 19455,
    "NAICS_Code": "112210",
    "NAICS_Code.1": 809
  },
  {
    "": 189327,
    "NAICS_Code": "112310",
    "NAICS_Code.1": 810
  },
  {
    "": 112279,
    "NAICS_Code": "112390",
    "NAICS_Code.1": 811
  },
  {
    "": 94309,
    "NAICS_Code": "112511",
    "NAICS_Code.1": 812
  },
  {
    "": 180492,
    "NAICS_Code": "112512",
    "NAICS_Code.1": 813
  },
  {
    "": 21331,
    "NAICS_Code": "112519",
    "NAICS_Code.1": 814
  },
  {
    "": 332360,
    "NAICS_Code": "112920",
    "NAICS_Code.1": 815
  },
  {
    "": 28869,
    "NAICS_Code": "112990",
    "NAICS_Code.1": 816
  },
  {
    "": 392558,
    "NAICS_Code": "113310",
    "NAICS_Code.1": 817
  },
  {
    "": 140762,
    "NAICS_Code": "114210",
    "NAICS_Code.1": 818
  },
  {
    "": 36110,
    "NAICS_Code": "115112",
    "NAICS_Code.1": 819
  },
  {
    "": 155431,
    "NAICS_Code": "115113",
    "NAICS_Code.1": 820
  },
  {
    "": 20903,
    "NAICS_Code": "115114",
    "NAICS_Code.1": 821
  },
  {
    "": 20575,
    "NAICS_Code": "115116",
    "NAICS_Code.1": 822
  },
  {
    "": 27339,
    "NAICS_Code": "115210",
    "NAICS_Code.1": 823
  },
  {
    "": 28,
    "NAICS_Code": "115310",
    "NAICS_Code.1": 824
  },
  {
    "": 24400,
    "NAICS_Code": "127110",
    "NAICS_Code.1": 825
  },
  {
    "": 2104,
    "NAICS_Code": "211111",
    "NAICS_Code.1": 826
  },
  {
    "": 160046,
    "NAICS_Code": "211112",
    "NAICS_Code.1": 827
  },
  {
    "": 575991,
    "NAICS_Code": "212111",
    "NAICS_Code.1": 828
  },
  {
    "": 249414,
    "NAICS_Code": "212112",
    "NAICS_Code.1": 829
  },
  {
    "": 269813,
    "NAICS_Code": "212113",
    "NAICS_Code.1": 830
  },
  {
    "": 45358,
    "NAICS_Code": "212221",
    "NAICS_Code.1": 831
  },
  {
    "": 485902,
    "NAICS_Code": "212222",
    "NAICS_Code.1": 832
  },
  {
    "": 283858,
    "NAICS_Code": "212231",
    "NAICS_Code.1": 833
  },
  {
    "": 401174,
    "NAICS_Code": "212234",
    "NAICS_Code.1": 834
  },
  {
    "": 210003,
    "NAICS_Code": "212291",
    "NAICS_Code.1": 835
  },
  {
    "": 43228,
    "NAICS_Code": "212299",
    "NAICS_Code.1": 836
  },
  {
    "": 454238,
    "NAICS_Code": "212311",
    "NAICS_Code.1": 837
  },
  {
    "": 134901,
    "NAICS_Code": "212312",
    "NAICS_Code.1": 838
  },
  {
    "": 380195,
    "NAICS_Code": "212319",
    "NAICS_Code.1": 839
  },
  {
    "": 213085,
    "NAICS_Code": "212321",
    "NAICS_Code.1": 840
  },
  {
    "": 472621,
    "NAICS_Code": "212322",
    "NAICS_Code.1": 841
  },
  {
    "": 390190,
    "NAICS_Code": "212324",
    "NAICS_Code.1": 842
  },
  {
    "": 32870,
    "NAICS_Code": "212325",
    "NAICS_Code.1": 843
  },
  {
    "": 166424,
    "NAICS_Code": "212391",
    "NAICS_Code.1": 844
  },
  {
    "": 71637,
    "NAICS_Code": "212393",
    "NAICS_Code.1": 845
  },
  {
    "": 10893,
    "NAICS_Code": "212399",
    "NAICS_Code.1": 846
  },
  {
    "": 170302,
    "NAICS_Code": "213111",
    "NAICS_Code.1": 847
  },
  {
    "": 424,
    "NAICS_Code": "213112",
    "NAICS_Code.1": 848
  },
  {
    "": 9754,
    "NAICS_Code": "213113",
    "NAICS_Code.1": 849
  },
  {
    "": 36749,
    "NAICS_Code": "213114",
    "NAICS_Code.1": 850
  },
  {
    "": 495773,
    "NAICS_Code": "213115",
    "NAICS_Code.1": 851
  },
  {
    "": 93304,
    "NAICS_Code": "221111",
    "NAICS_Code.1": 852
  },
  {
    "": 93211,
    "NAICS_Code": "221112",
    "NAICS_Code.1": 853
  },
  {
    "": 38261,
    "NAICS_Code": "221113",
    "NAICS_Code.1": 854
  },
  {
    "": 353,
    "NAICS_Code": "221114",
    "NAICS_Code.1": 855
  },
  {
    "": 94320,
    "NAICS_Code": "221115",
    "NAICS_Code.1": 856
  },
  {
    "": 138655,
    "NAICS_Code": "221116",
    "NAICS_Code.1": 857
  },
  {
    "": 297143,
    "NAICS_Code": "221117",
    "NAICS_Code.1": 858
  },
  {
    "": 72875,
    "NAICS_Code": "221118",
    "NAICS_Code.1": 859
  },
  {
    "": 136475,
    "NAICS_Code": "221119",
    "NAICS_Code.1": 860
  },
  {
    "": 85463,
    "NAICS_Code": "221121",
    "NAICS_Code.1": 861
  },
  {
    "": 28131,
    "NAICS_Code": "221122",
    "NAICS_Code.1": 862
  },
  {
    "": 34258,
    "NAICS_Code": "221210",
    "NAICS_Code.1": 863
  },
  {
    "": 30762,
    "NAICS_Code": "221310",
    "NAICS_Code.1": 864
  },
  {
    "": 55022,
    "NAICS_Code": "221320",
    "NAICS_Code.1": 865
  },
  {
    "": 339957,
    "NAICS_Code": "221330",
    "NAICS_Code.1": 866
  },
  {
    "": 31653,
    "NAICS_Code": "233320",
    "NAICS_Code.1": 867
  },
  {
    "": 8769,
    "NAICS_Code": "236115",
    "NAICS_Code.1": 868
  },
  {
    "": 240,
    "NAICS_Code": "236116",
    "NAICS_Code.1": 869
  },
  {
    "": 5914,
    "NAICS_Code": "236117",
    "NAICS_Code.1": 870
  },
  {
    "": 24778,
    "NAICS_Code": "236118",
    "NAICS_Code.1": 871
  },
  {
    "": 454,
    "NAICS_Code": "236210",
    "NAICS_Code.1": 872
  },
  {
    "": 1201,
    "NAICS_Code": "236220",
    "NAICS_Code.1": 873
  },
  {
    "": 27270,
    "NAICS_Code": "237110",
    "NAICS_Code.1": 874
  },
  {
    "": 4500,
    "NAICS_Code": "237120",
    "NAICS_Code.1": 875
  },
  {
    "": 18805,
    "NAICS_Code": "237130",
    "NAICS_Code.1": 876
  },
  {
    "": 26675,
    "NAICS_Code": "237210",
    "NAICS_Code.1": 877
  },
  {
    "": 6668,
    "NAICS_Code": "237310",
    "NAICS_Code.1": 878
  },
  {
    "": 400,
    "NAICS_Code": "237990",
    "NAICS_Code.1": 879
  },
  {
    "": 24436,
    "NAICS_Code": "238100",
    "NAICS_Code.1": 880
  },
  {
    "": 27917,
    "NAICS_Code": "238110",
    "NAICS_Code.1": 881
  },
  {
    "": 23902,
    "NAICS_Code": "238120",
    "NAICS_Code.1": 882
  },
  {
    "": 89364,
    "NAICS_Code": "238130",
    "NAICS_Code.1": 883
  },
  {
    "": 319877,
    "NAICS_Code": "238140",
    "NAICS_Code.1": 884
  },
  {
    "": 20456,
    "NAICS_Code": "238150",
    "NAICS_Code.1": 885
  },
  {
    "": 28874,
    "NAICS_Code": "238160",
    "NAICS_Code.1": 886
  },
  {
    "": 3172,
    "NAICS_Code": "238190",
    "NAICS_Code.1": 887
  },
  {
    "": 277,
    "NAICS_Code": "238210",
    "NAICS_Code.1": 888
  },
  {
    "": 66,
    "NAICS_Code": "238220",
    "NAICS_Code.1": 889
  },
  {
    "": 23202,
    "NAICS_Code": "238290",
    "NAICS_Code.1": 890
  },
  {
    "": 21463,
    "NAICS_Code": "238300",
    "NAICS_Code.1": 891
  },
  {
    "": 26493,
    "NAICS_Code": "238310",
    "NAICS_Code.1": 892
  },
  {
    "": 1318,
    "NAICS_Code": "238320",
    "NAICS_Code.1": 893
  },
  {
    "": 20885,
    "NAICS_Code": "238330",
    "NAICS_Code.1": 894
  },
  {
    "": 385,
    "NAICS_Code": "238340",
    "NAICS_Code.1": 895
  },
  {
    "": 14581,
    "NAICS_Code": "238350",
    "NAICS_Code.1": 896
  },
  {
    "": 2066,
    "NAICS_Code": "238390",
    "NAICS_Code.1": 897
  },
  {
    "": 21920,
    "NAICS_Code": "238910",
    "NAICS_Code.1": 898
  },
  {
    "": 18801,
    "NAICS_Code": "238990",
    "NAICS_Code.1": 899
  },
  {
    "": 33693,
    "NAICS_Code": "263220",
    "NAICS_Code.1": 900
  },
  {
    "": 1192,
    "NAICS_Code": "311111",
    "NAICS_Code.1": 901
  },
  {
    "": 28477,
    "NAICS_Code": "311119",
    "NAICS_Code.1": 902
  },
  {
    "": 32670,
    "NAICS_Code": "311211",
    "NAICS_Code.1": 903
  },
  {
    "": 25483,
    "NAICS_Code": "311212",
    "NAICS_Code.1": 904
  },
  {
    "": 116499,
    "NAICS_Code": "311213",
    "NAICS_Code.1": 905
  },
  {
    "": 353679,
    "NAICS_Code": "311221",
    "NAICS_Code.1": 906
  },
  {
    "": 28703,
    "NAICS_Code": "311224",
    "NAICS_Code.1": 907
  },
  {
    "": 61248,
    "NAICS_Code": "311225",
    "NAICS_Code.1": 908
  },
  {
    "": 113061,
    "NAICS_Code": "311230",
    "NAICS_Code.1": 909
  },
  {
    "": 35745,
    "NAICS_Code": "311312",
    "NAICS_Code.1": 910
  },
  {
    "": 392176,
    "NAICS_Code": "311314",
    "NAICS_Code.1": 911
  },
  {
    "": 22704,
    "NAICS_Code": "311320",
    "NAICS_Code.1": 912
  },
  {
    "": 74190,
    "NAICS_Code": "311330",
    "NAICS_Code.1": 913
  },
  {
    "": 32852,
    "NAICS_Code": "311340",
    "NAICS_Code.1": 914
  },
  {
    "": 122,
    "NAICS_Code": "311351",
    "NAICS_Code.1": 915
  },
  {
    "": 72,
    "NAICS_Code": "311352",
    "NAICS_Code.1": 916
  },
  {
    "": 63535,
    "NAICS_Code": "311411",
    "NAICS_Code.1": 917
  },
  {
    "": 858,
    "NAICS_Code": "311412",
    "NAICS_Code.1": 918
  },
  {
    "": 43113,
    "NAICS_Code": "311421",
    "NAICS_Code.1": 919
  },
  {
    "": 176707,
    "NAICS_Code": "311422",
    "NAICS_Code.1": 920
  },
  {
    "": 1995,
    "NAICS_Code": "311423",
    "NAICS_Code.1": 921
  },
  {
    "": 223780,
    "NAICS_Code": "311510",
    "NAICS_Code.1": 922
  },
  {
    "": 28529,
    "NAICS_Code": "311511",
    "NAICS_Code.1": 923
  },
  {
    "": 2061,
    "NAICS_Code": "311513",
    "NAICS_Code.1": 924
  },
  {
    "": 14692,
    "NAICS_Code": "311514",
    "NAICS_Code.1": 925
  },
  {
    "": 2134,
    "NAICS_Code": "311520",
    "NAICS_Code.1": 926
  },
  {
    "": 19126,
    "NAICS_Code": "311611",
    "NAICS_Code.1": 927
  },
  {
    "": 25122,
    "NAICS_Code": "311612",
    "NAICS_Code.1": 928
  },
  {
    "": 23983,
    "NAICS_Code": "311613",
    "NAICS_Code.1": 929
  },
  {
    "": 37764,
    "NAICS_Code": "311615",
    "NAICS_Code.1": 930
  },
  {
    "": 57828,
    "NAICS_Code": "311710",
    "NAICS_Code.1": 931
  },
  {
    "": 259504,
    "NAICS_Code": "311711",
    "NAICS_Code.1": 932
  },
  {
    "": 340096,
    "NAICS_Code": "311712",
    "NAICS_Code.1": 933
  },
  {
    "": 74,
    "NAICS_Code": "311811",
    "NAICS_Code.1": 934
  },
  {
    "": 25,
    "NAICS_Code": "311812",
    "NAICS_Code.1": 935
  },
  {
    "": 99310,
    "NAICS_Code": "311813",
    "NAICS_Code.1": 936
  },
  {
    "": 247675,
    "NAICS_Code": "311821",
    "NAICS_Code.1": 937
  },
  {
    "": 65812,
    "NAICS_Code": "311822",
    "NAICS_Code.1": 938
  },
  {
    "": 360717,
    "NAICS_Code": "311823",
    "NAICS_Code.1": 939
  },
  {
    "": 8534,
    "NAICS_Code": "311824",
    "NAICS_Code.1": 940
  },
  {
    "": 46496,
    "NAICS_Code": "311830",
    "NAICS_Code.1": 941
  },
  {
    "": 320909,
    "NAICS_Code": "311911",
    "NAICS_Code.1": 942
  },
  {
    "": 165352,
    "NAICS_Code": "311919",
    "NAICS_Code.1": 943
  },
  {
    "": 113,
    "NAICS_Code": "311920",
    "NAICS_Code.1": 944
  },
  {
    "": 31941,
    "NAICS_Code": "311930",
    "NAICS_Code.1": 945
  },
  {
    "": 31342,
    "NAICS_Code": "311941",
    "NAICS_Code.1": 946
  },
  {
    "": 6714,
    "NAICS_Code": "311942",
    "NAICS_Code.1": 947
  },
  {
    "": 4961,
    "NAICS_Code": "311991",
    "NAICS_Code.1": 948
  },
  {
    "": 22239,
    "NAICS_Code": "311999",
    "NAICS_Code.1": 949
  },
  {
    "": 48457,
    "NAICS_Code": "312111",
    "NAICS_Code.1": 950
  },
  {
    "": 26145,
    "NAICS_Code": "312112",
    "NAICS_Code.1": 951
  },
  {
    "": 436008,
    "NAICS_Code": "312113",
    "NAICS_Code.1": 952
  },
  {
    "": 19550,
    "NAICS_Code": "312120",
    "NAICS_Code.1": 953
  },
  {
    "": 209,
    "NAICS_Code": "312130",
    "NAICS_Code.1": 954
  },
  {
    "": 25237,
    "NAICS_Code": "312140",
    "NAICS_Code.1": 955
  },
  {
    "": 138839,
    "NAICS_Code": "312221",
    "NAICS_Code.1": 956
  },
  {
    "": 254875,
    "NAICS_Code": "312229",
    "NAICS_Code.1": 957
  },
  {
    "": 323734,
    "NAICS_Code": "312230",
    "NAICS_Code.1": 958
  },
  {
    "": 81462,
    "NAICS_Code": "313110",
    "NAICS_Code.1": 959
  },
  {
    "": 350252,
    "NAICS_Code": "313111",
    "NAICS_Code.1": 960
  },
  {
    "": 46236,
    "NAICS_Code": "313113",
    "NAICS_Code.1": 961
  },
  {
    "": 1692,
    "NAICS_Code": "313210",
    "NAICS_Code.1": 962
  },
  {
    "": 349385,
    "NAICS_Code": "313220",
    "NAICS_Code.1": 963
  },
  {
    "": 28779,
    "NAICS_Code": "313230",
    "NAICS_Code.1": 964
  },
  {
    "": 318381,
    "NAICS_Code": "313240",
    "NAICS_Code.1": 965
  },
  {
    "": 34739,
    "NAICS_Code": "313310",
    "NAICS_Code.1": 966
  },
  {
    "": 51790,
    "NAICS_Code": "313312",
    "NAICS_Code.1": 967
  },
  {
    "": 202497,
    "NAICS_Code": "313320",
    "NAICS_Code.1": 968
  },
  {
    "": 21972,
    "NAICS_Code": "314110",
    "NAICS_Code.1": 969
  },
  {
    "": 39086,
    "NAICS_Code": "314120",
    "NAICS_Code.1": 970
  },
  {
    "": 104173,
    "NAICS_Code": "314129",
    "NAICS_Code.1": 971
  },
  {
    "": 23726,
    "NAICS_Code": "314910",
    "NAICS_Code.1": 972
  },
  {
    "": 492640,
    "NAICS_Code": "314911",
    "NAICS_Code.1": 973
  },
  {
    "": 253800,
    "NAICS_Code": "314994",
    "NAICS_Code.1": 974
  },
  {
    "": 20103,
    "NAICS_Code": "314999",
    "NAICS_Code.1": 975
  },
  {
    "": 382294,
    "NAICS_Code": "315110",
    "NAICS_Code.1": 976
  },
  {
    "": 315375,
    "NAICS_Code": "315190",
    "NAICS_Code.1": 977
  },
  {
    "": 348517,
    "NAICS_Code": "315192",
    "NAICS_Code.1": 978
  },
  {
    "": 45250,
    "NAICS_Code": "315210",
    "NAICS_Code.1": 979
  },
  {
    "": 18854,
    "NAICS_Code": "315211",
    "NAICS_Code.1": 980
  },
  {
    "": 460,
    "NAICS_Code": "315212",
    "NAICS_Code.1": 981
  },
  {
    "": 27978,
    "NAICS_Code": "315220",
    "NAICS_Code.1": 982
  },
  {
    "": 315382,
    "NAICS_Code": "315225",
    "NAICS_Code.1": 983
  },
  {
    "": 322605,
    "NAICS_Code": "315231",
    "NAICS_Code.1": 984
  },
  {
    "": 223778,
    "NAICS_Code": "315233",
    "NAICS_Code.1": 985
  },
  {
    "": 19200,
    "NAICS_Code": "315240",
    "NAICS_Code.1": 986
  },
  {
    "": 40315,
    "NAICS_Code": "315280",
    "NAICS_Code.1": 987
  },
  {
    "": 305633,
    "NAICS_Code": "315291",
    "NAICS_Code.1": 988
  },
  {
    "": 492163,
    "NAICS_Code": "315299",
    "NAICS_Code.1": 989
  },
  {
    "": 16343,
    "NAICS_Code": "315990",
    "NAICS_Code.1": 990
  },
  {
    "": 21108,
    "NAICS_Code": "315999",
    "NAICS_Code.1": 991
  },
  {
    "": 301489,
    "NAICS_Code": "316110",
    "NAICS_Code.1": 992
  },
  {
    "": 36950,
    "NAICS_Code": "316210",
    "NAICS_Code.1": 993
  },
  {
    "": 355625,
    "NAICS_Code": "316212",
    "NAICS_Code.1": 994
  },
  {
    "": 122777,
    "NAICS_Code": "316213",
    "NAICS_Code.1": 995
  },
  {
    "": 32124,
    "NAICS_Code": "316214",
    "NAICS_Code.1": 996
  },
  {
    "": 50368,
    "NAICS_Code": "316219",
    "NAICS_Code.1": 997
  },
  {
    "": 176045,
    "NAICS_Code": "316991",
    "NAICS_Code.1": 998
  },
  {
    "": 3826,
    "NAICS_Code": "316992",
    "NAICS_Code.1": 999
  },
  {
    "": 336633,
    "NAICS_Code": "316998",
    "NAICS_Code.1": 1000
  },
  {
    "": 233792,
    "NAICS_Code": "316999",
    "NAICS_Code.1": 1001
  },
  {
    "": 108386,
    "NAICS_Code": "321113",
    "NAICS_Code.1": 1002
  },
  {
    "": 28630,
    "NAICS_Code": "321211",
    "NAICS_Code.1": 1003
  },
  {
    "": 352696,
    "NAICS_Code": "321212",
    "NAICS_Code.1": 1004
  },
  {
    "": 37106,
    "NAICS_Code": "321213",
    "NAICS_Code.1": 1005
  },
  {
    "": 405365,
    "NAICS_Code": "321214",
    "NAICS_Code.1": 1006
  },
  {
    "": 21105,
    "NAICS_Code": "321219",
    "NAICS_Code.1": 1007
  },
  {
    "": 215,
    "NAICS_Code": "321911",
    "NAICS_Code.1": 1008
  },
  {
    "": 19569,
    "NAICS_Code": "321912",
    "NAICS_Code.1": 1009
  },
  {
    "": 340036,
    "NAICS_Code": "321918",
    "NAICS_Code.1": 1010
  },
  {
    "": 73340,
    "NAICS_Code": "321920",
    "NAICS_Code.1": 1011
  },
  {
    "": 341043,
    "NAICS_Code": "321991",
    "NAICS_Code.1": 1012
  },
  {
    "": 33927,
    "NAICS_Code": "321999",
    "NAICS_Code.1": 1013
  },
  {
    "": 519147,
    "NAICS_Code": "322110",
    "NAICS_Code.1": 1014
  },
  {
    "": 19638,
    "NAICS_Code": "322121",
    "NAICS_Code.1": 1015
  },
  {
    "": 522264,
    "NAICS_Code": "322130",
    "NAICS_Code.1": 1016
  },
  {
    "": 228133,
    "NAICS_Code": "322211",
    "NAICS_Code.1": 1017
  },
  {
    "": 347398,
    "NAICS_Code": "322212",
    "NAICS_Code.1": 1018
  },
  {
    "": 36615,
    "NAICS_Code": "322220",
    "NAICS_Code.1": 1019
  },
  {
    "": 169483,
    "NAICS_Code": "322221",
    "NAICS_Code.1": 1020
  },
  {
    "": 342060,
    "NAICS_Code": "322222",
    "NAICS_Code.1": 1021
  },
  {
    "": 175043,
    "NAICS_Code": "322223",
    "NAICS_Code.1": 1022
  },
  {
    "": 74027,
    "NAICS_Code": "322230",
    "NAICS_Code.1": 1023
  },
  {
    "": 213706,
    "NAICS_Code": "322291",
    "NAICS_Code.1": 1024
  },
  {
    "": 31522,
    "NAICS_Code": "322299",
    "NAICS_Code.1": 1025
  },
  {
    "": 6593,
    "NAICS_Code": "323110",
    "NAICS_Code.1": 1026
  },
  {
    "": 22730,
    "NAICS_Code": "323111",
    "NAICS_Code.1": 1027
  },
  {
    "": 188177,
    "NAICS_Code": "323112",
    "NAICS_Code.1": 1028
  },
  {
    "": 20296,
    "NAICS_Code": "323113",
    "NAICS_Code.1": 1029
  },
  {
    "": 20135,
    "NAICS_Code": "323114",
    "NAICS_Code.1": 1030
  },
  {
    "": 19171,
    "NAICS_Code": "323115",
    "NAICS_Code.1": 1031
  },
  {
    "": 1688,
    "NAICS_Code": "323117",
    "NAICS_Code.1": 1032
  },
  {
    "": 36015,
    "NAICS_Code": "323118",
    "NAICS_Code.1": 1033
  },
  {
    "": 9196,
    "NAICS_Code": "323119",
    "NAICS_Code.1": 1034
  },
  {
    "": 40943,
    "NAICS_Code": "323120",
    "NAICS_Code.1": 1035
  },
  {
    "": 92306,
    "NAICS_Code": "323310",
    "NAICS_Code.1": 1036
  },
  {
    "": 57945,
    "NAICS_Code": "324110",
    "NAICS_Code.1": 1037
  },
  {
    "": 48886,
    "NAICS_Code": "324121",
    "NAICS_Code.1": 1038
  },
  {
    "": 110429,
    "NAICS_Code": "324122",
    "NAICS_Code.1": 1039
  },
  {
    "": 49061,
    "NAICS_Code": "324191",
    "NAICS_Code.1": 1040
  },
  {
    "": 5994,
    "NAICS_Code": "324199",
    "NAICS_Code.1": 1041
  },
  {
    "": 41699,
    "NAICS_Code": "325110",
    "NAICS_Code.1": 1042
  },
  {
    "": 22825,
    "NAICS_Code": "325120",
    "NAICS_Code.1": 1043
  },
  {
    "": 66094,
    "NAICS_Code": "325130",
    "NAICS_Code.1": 1044
  },
  {
    "": 26083,
    "NAICS_Code": "325132",
    "NAICS_Code.1": 1045
  },
  {
    "": 18185,
    "NAICS_Code": "325180",
    "NAICS_Code.1": 1046
  },
  {
    "": 92341,
    "NAICS_Code": "325181",
    "NAICS_Code.1": 1047
  },
  {
    "": 220255,
    "NAICS_Code": "325182",
    "NAICS_Code.1": 1048
  },
  {
    "": 31773,
    "NAICS_Code": "325188",
    "NAICS_Code.1": 1049
  },
  {
    "": 187945,
    "NAICS_Code": "325193",
    "NAICS_Code.1": 1050
  },
  {
    "": 202228,
    "NAICS_Code": "325194",
    "NAICS_Code.1": 1051
  },
  {
    "": 6416,
    "NAICS_Code": "325199",
    "NAICS_Code.1": 1052
  },
  {
    "": 3319,
    "NAICS_Code": "325211",
    "NAICS_Code.1": 1053
  },
  {
    "": 21631,
    "NAICS_Code": "325212",
    "NAICS_Code.1": 1054
  },
  {
    "": 361067,
    "NAICS_Code": "325220",
    "NAICS_Code.1": 1055
  },
  {
    "": 125895,
    "NAICS_Code": "325222",
    "NAICS_Code.1": 1056
  },
  {
    "": 47106,
    "NAICS_Code": "325311",
    "NAICS_Code.1": 1057
  },
  {
    "": 530841,
    "NAICS_Code": "325312",
    "NAICS_Code.1": 1058
  },
  {
    "": 224745,
    "NAICS_Code": "325314",
    "NAICS_Code.1": 1059
  },
  {
    "": 45270,
    "NAICS_Code": "325320",
    "NAICS_Code.1": 1060
  },
  {
    "": 73445,
    "NAICS_Code": "325410",
    "NAICS_Code.1": 1061
  },
  {
    "": 1732,
    "NAICS_Code": "325411",
    "NAICS_Code.1": 1062
  },
  {
    "": 283,
    "NAICS_Code": "325412",
    "NAICS_Code.1": 1063
  },
  {
    "": 838,
    "NAICS_Code": "325413",
    "NAICS_Code.1": 1064
  },
  {
    "": 25530,
    "NAICS_Code": "325414",
    "NAICS_Code.1": 1065
  },
  {
    "": 43896,
    "NAICS_Code": "325510",
    "NAICS_Code.1": 1066
  },
  {
    "": 28606,
    "NAICS_Code": "325520",
    "NAICS_Code.1": 1067
  },
  {
    "": 26263,
    "NAICS_Code": "325611",
    "NAICS_Code.1": 1068
  },
  {
    "": 215739,
    "NAICS_Code": "325612",
    "NAICS_Code.1": 1069
  },
  {
    "": 767,
    "NAICS_Code": "325620",
    "NAICS_Code.1": 1070
  },
  {
    "": 32141,
    "NAICS_Code": "325910",
    "NAICS_Code.1": 1071
  },
  {
    "": 72867,
    "NAICS_Code": "325920",
    "NAICS_Code.1": 1072
  },
  {
    "": 16268,
    "NAICS_Code": "325991",
    "NAICS_Code.1": 1073
  },
  {
    "": 91850,
    "NAICS_Code": "325992",
    "NAICS_Code.1": 1074
  },
  {
    "": 763,
    "NAICS_Code": "325998",
    "NAICS_Code.1": 1075
  },
  {
    "": 1146,
    "NAICS_Code": "326111",
    "NAICS_Code.1": 1076
  },
  {
    "": 42029,
    "NAICS_Code": "326112",
    "NAICS_Code.1": 1077
  },
  {
    "": 43900,
    "NAICS_Code": "326113",
    "NAICS_Code.1": 1078
  },
  {
    "": 238173,
    "NAICS_Code": "326121",
    "NAICS_Code.1": 1079
  },
  {
    "": 21441,
    "NAICS_Code": "326122",
    "NAICS_Code.1": 1080
  },
  {
    "": 335523,
    "NAICS_Code": "326130",
    "NAICS_Code.1": 1081
  },
  {
    "": 36734,
    "NAICS_Code": "326140",
    "NAICS_Code.1": 1082
  },
  {
    "": 33610,
    "NAICS_Code": "326150",
    "NAICS_Code.1": 1083
  },
  {
    "": 23112,
    "NAICS_Code": "326160",
    "NAICS_Code.1": 1084
  },
  {
    "": 27928,
    "NAICS_Code": "326192",
    "NAICS_Code.1": 1085
  },
  {
    "": 1301,
    "NAICS_Code": "326199",
    "NAICS_Code.1": 1086
  },
  {
    "": 28950,
    "NAICS_Code": "326211",
    "NAICS_Code.1": 1087
  },
  {
    "": 398423,
    "NAICS_Code": "326212",
    "NAICS_Code.1": 1088
  },
  {
    "": 20524,
    "NAICS_Code": "326220",
    "NAICS_Code.1": 1089
  },
  {
    "": 72577,
    "NAICS_Code": "326291",
    "NAICS_Code.1": 1090
  },
  {
    "": 26218,
    "NAICS_Code": "326299",
    "NAICS_Code.1": 1091
  },
  {
    "": 339915,
    "NAICS_Code": "327110",
    "NAICS_Code.1": 1092
  },
  {
    "": 31490,
    "NAICS_Code": "327111",
    "NAICS_Code.1": 1093
  },
  {
    "": 27652,
    "NAICS_Code": "327112",
    "NAICS_Code.1": 1094
  },
  {
    "": 36203,
    "NAICS_Code": "327120",
    "NAICS_Code.1": 1095
  },
  {
    "": 312667,
    "NAICS_Code": "327121",
    "NAICS_Code.1": 1096
  },
  {
    "": 102495,
    "NAICS_Code": "327122",
    "NAICS_Code.1": 1097
  },
  {
    "": 36464,
    "NAICS_Code": "327125",
    "NAICS_Code.1": 1098
  },
  {
    "": 92334,
    "NAICS_Code": "327211",
    "NAICS_Code.1": 1099
  },
  {
    "": 502898,
    "NAICS_Code": "327212",
    "NAICS_Code.1": 1100
  },
  {
    "": 44367,
    "NAICS_Code": "327213",
    "NAICS_Code.1": 1101
  },
  {
    "": 24875,
    "NAICS_Code": "327215",
    "NAICS_Code.1": 1102
  },
  {
    "": 102164,
    "NAICS_Code": "327310",
    "NAICS_Code.1": 1103
  },
  {
    "": 211124,
    "NAICS_Code": "327320",
    "NAICS_Code.1": 1104
  },
  {
    "": 41760,
    "NAICS_Code": "327331",
    "NAICS_Code.1": 1105
  },
  {
    "": 378165,
    "NAICS_Code": "327332",
    "NAICS_Code.1": 1106
  },
  {
    "": 35498,
    "NAICS_Code": "327390",
    "NAICS_Code.1": 1107
  },
  {
    "": 91909,
    "NAICS_Code": "327420",
    "NAICS_Code.1": 1108
  },
  {
    "": 2307,
    "NAICS_Code": "327910",
    "NAICS_Code.1": 1109
  },
  {
    "": 2484,
    "NAICS_Code": "327991",
    "NAICS_Code.1": 1110
  },
  {
    "": 472638,
    "NAICS_Code": "327992",
    "NAICS_Code.1": 1111
  },
  {
    "": 123221,
    "NAICS_Code": "327993",
    "NAICS_Code.1": 1112
  },
  {
    "": 112713,
    "NAICS_Code": "327999",
    "NAICS_Code.1": 1113
  },
  {
    "": 30137,
    "NAICS_Code": "331110",
    "NAICS_Code.1": 1114
  },
  {
    "": 58396,
    "NAICS_Code": "331111",
    "NAICS_Code.1": 1115
  },
  {
    "": 368420,
    "NAICS_Code": "331112",
    "NAICS_Code.1": 1116
  },
  {
    "": 4104,
    "NAICS_Code": "331210",
    "NAICS_Code.1": 1117
  },
  {
    "": 24154,
    "NAICS_Code": "331221",
    "NAICS_Code.1": 1118
  },
  {
    "": 97051,
    "NAICS_Code": "331222",
    "NAICS_Code.1": 1119
  },
  {
    "": 143285,
    "NAICS_Code": "331311",
    "NAICS_Code.1": 1120
  },
  {
    "": 45506,
    "NAICS_Code": "331312",
    "NAICS_Code.1": 1121
  },
  {
    "": 128257,
    "NAICS_Code": "331313",
    "NAICS_Code.1": 1122
  },
  {
    "": 286360,
    "NAICS_Code": "331314",
    "NAICS_Code.1": 1123
  },
  {
    "": 1186,
    "NAICS_Code": "331315",
    "NAICS_Code.1": 1124
  },
  {
    "": 19820,
    "NAICS_Code": "331316",
    "NAICS_Code.1": 1125
  },
  {
    "": 33179,
    "NAICS_Code": "331318",
    "NAICS_Code.1": 1126
  },
  {
    "": 34647,
    "NAICS_Code": "331319",
    "NAICS_Code.1": 1127
  },
  {
    "": 238980,
    "NAICS_Code": "331410",
    "NAICS_Code.1": 1128
  },
  {
    "": 70155,
    "NAICS_Code": "331411",
    "NAICS_Code.1": 1129
  },
  {
    "": 4733,
    "NAICS_Code": "331419",
    "NAICS_Code.1": 1130
  },
  {
    "": 187007,
    "NAICS_Code": "331420",
    "NAICS_Code.1": 1131
  },
  {
    "": 265614,
    "NAICS_Code": "331421",
    "NAICS_Code.1": 1132
  },
  {
    "": 87231,
    "NAICS_Code": "331422",
    "NAICS_Code.1": 1133
  },
  {
    "": 414286,
    "NAICS_Code": "331491",
    "NAICS_Code.1": 1134
  },
  {
    "": 1028,
    "NAICS_Code": "331492",
    "NAICS_Code.1": 1135
  },
  {
    "": 27408,
    "NAICS_Code": "331511",
    "NAICS_Code.1": 1136
  },
  {
    "": 198696,
    "NAICS_Code": "331512",
    "NAICS_Code.1": 1137
  },
  {
    "": 31027,
    "NAICS_Code": "331513",
    "NAICS_Code.1": 1138
  },
  {
    "": 35158,
    "NAICS_Code": "331521",
    "NAICS_Code.1": 1139
  },
  {
    "": 37737,
    "NAICS_Code": "331523",
    "NAICS_Code.1": 1140
  },
  {
    "": 38270,
    "NAICS_Code": "331524",
    "NAICS_Code.1": 1141
  },
  {
    "": 23107,
    "NAICS_Code": "331529",
    "NAICS_Code.1": 1142
  },
  {
    "": 32883,
    "NAICS_Code": "332111",
    "NAICS_Code.1": 1143
  },
  {
    "": 205167,
    "NAICS_Code": "332112",
    "NAICS_Code.1": 1144
  },
  {
    "": 438846,
    "NAICS_Code": "332114",
    "NAICS_Code.1": 1145
  },
  {
    "": 378002,
    "NAICS_Code": "332115",
    "NAICS_Code.1": 1146
  },
  {
    "": 43585,
    "NAICS_Code": "332116",
    "NAICS_Code.1": 1147
  },
  {
    "": 28850,
    "NAICS_Code": "332117",
    "NAICS_Code.1": 1148
  },
  {
    "": 30844,
    "NAICS_Code": "332119",
    "NAICS_Code.1": 1149
  },
  {
    "": 73055,
    "NAICS_Code": "332212",
    "NAICS_Code.1": 1150
  },
  {
    "": 389717,
    "NAICS_Code": "332213",
    "NAICS_Code.1": 1151
  },
  {
    "": 49101,
    "NAICS_Code": "332214",
    "NAICS_Code.1": 1152
  },
  {
    "": 336631,
    "NAICS_Code": "332215",
    "NAICS_Code.1": 1153
  },
  {
    "": 359040,
    "NAICS_Code": "332216",
    "NAICS_Code.1": 1154
  },
  {
    "": 23656,
    "NAICS_Code": "332311",
    "NAICS_Code.1": 1155
  },
  {
    "": 1560,
    "NAICS_Code": "332312",
    "NAICS_Code.1": 1156
  },
  {
    "": 20219,
    "NAICS_Code": "332313",
    "NAICS_Code.1": 1157
  },
  {
    "": 3881,
    "NAICS_Code": "332321",
    "NAICS_Code.1": 1158
  },
  {
    "": 687,
    "NAICS_Code": "332322",
    "NAICS_Code.1": 1159
  },
  {
    "": 715,
    "NAICS_Code": "332323",
    "NAICS_Code.1": 1160
  },
  {
    "": 20168,
    "NAICS_Code": "332410",
    "NAICS_Code.1": 1161
  },
  {
    "": 28289,
    "NAICS_Code": "332420",
    "NAICS_Code.1": 1162
  },
  {
    "": 104489,
    "NAICS_Code": "332431",
    "NAICS_Code.1": 1163
  },
  {
    "": 24452,
    "NAICS_Code": "332439",
    "NAICS_Code.1": 1164
  },
  {
    "": 1646,
    "NAICS_Code": "332510",
    "NAICS_Code.1": 1165
  },
  {
    "": 39356,
    "NAICS_Code": "332610",
    "NAICS_Code.1": 1166
  },
  {
    "": 34905,
    "NAICS_Code": "332611",
    "NAICS_Code.1": 1167
  },
  {
    "": 273988,
    "NAICS_Code": "332612",
    "NAICS_Code.1": 1168
  },
  {
    "": 33609,
    "NAICS_Code": "332613",
    "NAICS_Code.1": 1169
  },
  {
    "": 27774,
    "NAICS_Code": "332618",
    "NAICS_Code.1": 1170
  },
  {
    "": 29269,
    "NAICS_Code": "332710",
    "NAICS_Code.1": 1171
  },
  {
    "": 2025,
    "NAICS_Code": "332721",
    "NAICS_Code.1": 1172
  },
  {
    "": 81922,
    "NAICS_Code": "332722",
    "NAICS_Code.1": 1173
  },
  {
    "": 56456,
    "NAICS_Code": "332811",
    "NAICS_Code.1": 1174
  },
  {
    "": 30488,
    "NAICS_Code": "332812",
    "NAICS_Code.1": 1175
  },
  {
    "": 37666,
    "NAICS_Code": "332813",
    "NAICS_Code.1": 1176
  },
  {
    "": 33286,
    "NAICS_Code": "332911",
    "NAICS_Code.1": 1177
  },
  {
    "": 20110,
    "NAICS_Code": "332912",
    "NAICS_Code.1": 1178
  },
  {
    "": 20288,
    "NAICS_Code": "332913",
    "NAICS_Code.1": 1179
  },
  {
    "": 19780,
    "NAICS_Code": "332919",
    "NAICS_Code.1": 1180
  },
  {
    "": 29885,
    "NAICS_Code": "332991",
    "NAICS_Code.1": 1181
  },
  {
    "": 240955,
    "NAICS_Code": "332992",
    "NAICS_Code.1": 1182
  },
  {
    "": 301991,
    "NAICS_Code": "332993",
    "NAICS_Code.1": 1183
  },
  {
    "": 304778,
    "NAICS_Code": "332994",
    "NAICS_Code.1": 1184
  },
  {
    "": 23660,
    "NAICS_Code": "332996",
    "NAICS_Code.1": 1185
  },
  {
    "": 365219,
    "NAICS_Code": "332998",
    "NAICS_Code.1": 1186
  },
  {
    "": 3672,
    "NAICS_Code": "332999",
    "NAICS_Code.1": 1187
  },
  {
    "": 28143,
    "NAICS_Code": "333111",
    "NAICS_Code.1": 1188
  },
  {
    "": 19197,
    "NAICS_Code": "333112",
    "NAICS_Code.1": 1189
  },
  {
    "": 3500,
    "NAICS_Code": "333120",
    "NAICS_Code.1": 1190
  },
  {
    "": 557,
    "NAICS_Code": "333131",
    "NAICS_Code.1": 1191
  },
  {
    "": 4772,
    "NAICS_Code": "333132",
    "NAICS_Code.1": 1192
  },
  {
    "": 336727,
    "NAICS_Code": "333210",
    "NAICS_Code.1": 1193
  },
  {
    "": 37641,
    "NAICS_Code": "333220",
    "NAICS_Code.1": 1194
  },
  {
    "": 1822,
    "NAICS_Code": "333241",
    "NAICS_Code.1": 1195
  },
  {
    "": 1159,
    "NAICS_Code": "333242",
    "NAICS_Code.1": 1196
  },
  {
    "": 54268,
    "NAICS_Code": "333243",
    "NAICS_Code.1": 1197
  },
  {
    "": 19112,
    "NAICS_Code": "333244",
    "NAICS_Code.1": 1198
  },
  {
    "": 1698,
    "NAICS_Code": "333249",
    "NAICS_Code.1": 1199
  },
  {
    "": 362601,
    "NAICS_Code": "333291",
    "NAICS_Code.1": 1200
  },
  {
    "": 21420,
    "NAICS_Code": "333292",
    "NAICS_Code.1": 1201
  },
  {
    "": 83092,
    "NAICS_Code": "333293",
    "NAICS_Code.1": 1202
  },
  {
    "": 871,
    "NAICS_Code": "333294",
    "NAICS_Code.1": 1203
  },
  {
    "": 36651,
    "NAICS_Code": "333295",
    "NAICS_Code.1": 1204
  },
  {
    "": 22048,
    "NAICS_Code": "333298",
    "NAICS_Code.1": 1205
  },
  {
    "": 110455,
    "NAICS_Code": "333311",
    "NAICS_Code.1": 1206
  },
  {
    "": 24060,
    "NAICS_Code": "333312",
    "NAICS_Code.1": 1207
  },
  {
    "": 11520,
    "NAICS_Code": "333313",
    "NAICS_Code.1": 1208
  },
  {
    "": 27435,
    "NAICS_Code": "333314",
    "NAICS_Code.1": 1209
  },
  {
    "": 144458,
    "NAICS_Code": "333315",
    "NAICS_Code.1": 1210
  },
  {
    "": 22959,
    "NAICS_Code": "333316",
    "NAICS_Code.1": 1211
  },
  {
    "": 39793,
    "NAICS_Code": "333318",
    "NAICS_Code.1": 1212
  },
  {
    "": 98115,
    "NAICS_Code": "333319",
    "NAICS_Code.1": 1213
  },
  {
    "": 198895,
    "NAICS_Code": "333411",
    "NAICS_Code.1": 1214
  },
  {
    "": 19291,
    "NAICS_Code": "333412",
    "NAICS_Code.1": 1215
  },
  {
    "": 962,
    "NAICS_Code": "333413",
    "NAICS_Code.1": 1216
  },
  {
    "": 20243,
    "NAICS_Code": "333414",
    "NAICS_Code.1": 1217
  },
  {
    "": 17245,
    "NAICS_Code": "333415",
    "NAICS_Code.1": 1218
  },
  {
    "": 1364,
    "NAICS_Code": "333511",
    "NAICS_Code.1": 1219
  },
  {
    "": 20477,
    "NAICS_Code": "333512",
    "NAICS_Code.1": 1220
  },
  {
    "": 52270,
    "NAICS_Code": "333513",
    "NAICS_Code.1": 1221
  },
  {
    "": 22438,
    "NAICS_Code": "333514",
    "NAICS_Code.1": 1222
  },
  {
    "": 20509,
    "NAICS_Code": "333515",
    "NAICS_Code.1": 1223
  },
  {
    "": 29519,
    "NAICS_Code": "333517",
    "NAICS_Code.1": 1224
  },
  {
    "": 1982,
    "NAICS_Code": "333519",
    "NAICS_Code.1": 1225
  },
  {
    "": 234480,
    "NAICS_Code": "333531",
    "NAICS_Code.1": 1226
  },
  {
    "": 17417,
    "NAICS_Code": "333611",
    "NAICS_Code.1": 1227
  },
  {
    "": 43078,
    "NAICS_Code": "333612",
    "NAICS_Code.1": 1228
  },
  {
    "": 24168,
    "NAICS_Code": "333613",
    "NAICS_Code.1": 1229
  },
  {
    "": 7913,
    "NAICS_Code": "333618",
    "NAICS_Code.1": 1230
  },
  {
    "": 37563,
    "NAICS_Code": "333911",
    "NAICS_Code.1": 1231
  },
  {
    "": 19923,
    "NAICS_Code": "333912",
    "NAICS_Code.1": 1232
  },
  {
    "": 75003,
    "NAICS_Code": "333913",
    "NAICS_Code.1": 1233
  },
  {
    "": 35291,
    "NAICS_Code": "333921",
    "NAICS_Code.1": 1234
  },
  {
    "": 2015,
    "NAICS_Code": "333922",
    "NAICS_Code.1": 1235
  },
  {
    "": 3761,
    "NAICS_Code": "333923",
    "NAICS_Code.1": 1236
  },
  {
    "": 24896,
    "NAICS_Code": "333924",
    "NAICS_Code.1": 1237
  },
  {
    "": 48511,
    "NAICS_Code": "333991",
    "NAICS_Code.1": 1238
  },
  {
    "": 20916,
    "NAICS_Code": "333992",
    "NAICS_Code.1": 1239
  },
  {
    "": 2107,
    "NAICS_Code": "333993",
    "NAICS_Code.1": 1240
  },
  {
    "": 174975,
    "NAICS_Code": "333994",
    "NAICS_Code.1": 1241
  },
  {
    "": 56064,
    "NAICS_Code": "333995",
    "NAICS_Code.1": 1242
  },
  {
    "": 135833,
    "NAICS_Code": "333996",
    "NAICS_Code.1": 1243
  },
  {
    "": 7792,
    "NAICS_Code": "333999",
    "NAICS_Code.1": 1244
  },
  {
    "": 167048,
    "NAICS_Code": "334110",
    "NAICS_Code.1": 1245
  },
  {
    "": 5299,
    "NAICS_Code": "334111",
    "NAICS_Code.1": 1246
  },
  {
    "": 28127,
    "NAICS_Code": "334112",
    "NAICS_Code.1": 1247
  },
  {
    "": 395531,
    "NAICS_Code": "334113",
    "NAICS_Code.1": 1248
  },
  {
    "": 41012,
    "NAICS_Code": "334118",
    "NAICS_Code.1": 1249
  },
  {
    "": 61455,
    "NAICS_Code": "334119",
    "NAICS_Code.1": 1250
  },
  {
    "": 23684,
    "NAICS_Code": "334210",
    "NAICS_Code.1": 1251
  },
  {
    "": 17171,
    "NAICS_Code": "334220",
    "NAICS_Code.1": 1252
  },
  {
    "": 1190,
    "NAICS_Code": "334290",
    "NAICS_Code.1": 1253
  },
  {
    "": 8714,
    "NAICS_Code": "334310",
    "NAICS_Code.1": 1254
  },
  {
    "": 408512,
    "NAICS_Code": "334411",
    "NAICS_Code.1": 1255
  },
  {
    "": 31474,
    "NAICS_Code": "334412",
    "NAICS_Code.1": 1256
  },
  {
    "": 467,
    "NAICS_Code": "334413",
    "NAICS_Code.1": 1257
  },
  {
    "": 44102,
    "NAICS_Code": "334414",
    "NAICS_Code.1": 1258
  },
  {
    "": 34085,
    "NAICS_Code": "334415",
    "NAICS_Code.1": 1259
  },
  {
    "": 27298,
    "NAICS_Code": "334416",
    "NAICS_Code.1": 1260
  },
  {
    "": 3817,
    "NAICS_Code": "334417",
    "NAICS_Code.1": 1261
  },
  {
    "": 5835,
    "NAICS_Code": "334418",
    "NAICS_Code.1": 1262
  },
  {
    "": 2079,
    "NAICS_Code": "334419",
    "NAICS_Code.1": 1263
  },
  {
    "": 564,
    "NAICS_Code": "334510",
    "NAICS_Code.1": 1264
  },
  {
    "": 72689,
    "NAICS_Code": "334511",
    "NAICS_Code.1": 1265
  },
  {
    "": 25746,
    "NAICS_Code": "334512",
    "NAICS_Code.1": 1266
  },
  {
    "": 25261,
    "NAICS_Code": "334513",
    "NAICS_Code.1": 1267
  },
  {
    "": 102082,
    "NAICS_Code": "334514",
    "NAICS_Code.1": 1268
  },
  {
    "": 22565,
    "NAICS_Code": "334515",
    "NAICS_Code.1": 1269
  },
  {
    "": 3459,
    "NAICS_Code": "334516",
    "NAICS_Code.1": 1270
  },
  {
    "": 74015,
    "NAICS_Code": "334517",
    "NAICS_Code.1": 1271
  },
  {
    "": 150903,
    "NAICS_Code": "334518",
    "NAICS_Code.1": 1272
  },
  {
    "": 28436,
    "NAICS_Code": "334519",
    "NAICS_Code.1": 1273
  },
  {
    "": 9939,
    "NAICS_Code": "334611",
    "NAICS_Code.1": 1274
  },
  {
    "": 167681,
    "NAICS_Code": "334613",
    "NAICS_Code.1": 1275
  },
  {
    "": 35155,
    "NAICS_Code": "334614",
    "NAICS_Code.1": 1276
  },
  {
    "": 9283,
    "NAICS_Code": "335110",
    "NAICS_Code.1": 1277
  },
  {
    "": 85994,
    "NAICS_Code": "335121",
    "NAICS_Code.1": 1278
  },
  {
    "": 1227,
    "NAICS_Code": "335122",
    "NAICS_Code.1": 1279
  },
  {
    "": 110663,
    "NAICS_Code": "335129",
    "NAICS_Code.1": 1280
  },
  {
    "": 73516,
    "NAICS_Code": "335210",
    "NAICS_Code.1": 1281
  },
  {
    "": 36763,
    "NAICS_Code": "335211",
    "NAICS_Code.1": 1282
  },
  {
    "": 422887,
    "NAICS_Code": "335212",
    "NAICS_Code.1": 1283
  },
  {
    "": 32529,
    "NAICS_Code": "335221",
    "NAICS_Code.1": 1284
  },
  {
    "": 356445,
    "NAICS_Code": "335224",
    "NAICS_Code.1": 1285
  },
  {
    "": 22185,
    "NAICS_Code": "335228",
    "NAICS_Code.1": 1286
  },
  {
    "": 197033,
    "NAICS_Code": "335310",
    "NAICS_Code.1": 1287
  },
  {
    "": 1798,
    "NAICS_Code": "335311",
    "NAICS_Code.1": 1288
  },
  {
    "": 32321,
    "NAICS_Code": "335312",
    "NAICS_Code.1": 1289
  },
  {
    "": 929,
    "NAICS_Code": "335313",
    "NAICS_Code.1": 1290
  },
  {
    "": 35016,
    "NAICS_Code": "335314",
    "NAICS_Code.1": 1291
  },
  {
    "": 2769,
    "NAICS_Code": "335911",
    "NAICS_Code.1": 1292
  },
  {
    "": 27399,
    "NAICS_Code": "335912",
    "NAICS_Code.1": 1293
  },
  {
    "": 741,
    "NAICS_Code": "335921",
    "NAICS_Code.1": 1294
  },
  {
    "": 60159,
    "NAICS_Code": "335929",
    "NAICS_Code.1": 1295
  },
  {
    "": 60160,
    "NAICS_Code": "335931",
    "NAICS_Code.1": 1296
  },
  {
    "": 187559,
    "NAICS_Code": "335991",
    "NAICS_Code.1": 1297
  },
  {
    "": 591,
    "NAICS_Code": "335999",
    "NAICS_Code.1": 1298
  },
  {
    "": 6885,
    "NAICS_Code": "336111",
    "NAICS_Code.1": 1299
  },
  {
    "": 118077,
    "NAICS_Code": "336112",
    "NAICS_Code.1": 1300
  },
  {
    "": 32151,
    "NAICS_Code": "336120",
    "NAICS_Code.1": 1301
  },
  {
    "": 8064,
    "NAICS_Code": "336211",
    "NAICS_Code.1": 1302
  },
  {
    "": 35960,
    "NAICS_Code": "336212",
    "NAICS_Code.1": 1303
  },
  {
    "": 344232,
    "NAICS_Code": "336214",
    "NAICS_Code.1": 1304
  },
  {
    "": 24810,
    "NAICS_Code": "336300",
    "NAICS_Code.1": 1305
  },
  {
    "": 4244,
    "NAICS_Code": "336310",
    "NAICS_Code.1": 1306
  },
  {
    "": 36532,
    "NAICS_Code": "336311",
    "NAICS_Code.1": 1307
  },
  {
    "": 33292,
    "NAICS_Code": "336312",
    "NAICS_Code.1": 1308
  },
  {
    "": 34238,
    "NAICS_Code": "336320",
    "NAICS_Code.1": 1309
  },
  {
    "": 38905,
    "NAICS_Code": "336321",
    "NAICS_Code.1": 1310
  },
  {
    "": 46174,
    "NAICS_Code": "336322",
    "NAICS_Code.1": 1311
  },
  {
    "": 24478,
    "NAICS_Code": "336330",
    "NAICS_Code.1": 1312
  },
  {
    "": 23242,
    "NAICS_Code": "336340",
    "NAICS_Code.1": 1313
  },
  {
    "": 2266,
    "NAICS_Code": "336350",
    "NAICS_Code.1": 1314
  },
  {
    "": 2977,
    "NAICS_Code": "336360",
    "NAICS_Code.1": 1315
  },
  {
    "": 1765,
    "NAICS_Code": "336370",
    "NAICS_Code.1": 1316
  },
  {
    "": 20620,
    "NAICS_Code": "336390",
    "NAICS_Code.1": 1317
  },
  {
    "": 31714,
    "NAICS_Code": "336391",
    "NAICS_Code.1": 1318
  },
  {
    "": 28470,
    "NAICS_Code": "336399",
    "NAICS_Code.1": 1319
  },
  {
    "": 12616,
    "NAICS_Code": "336411",
    "NAICS_Code.1": 1320
  },
  {
    "": 50037,
    "NAICS_Code": "336412",
    "NAICS_Code.1": 1321
  },
  {
    "": 2710,
    "NAICS_Code": "336413",
    "NAICS_Code.1": 1322
  },
  {
    "": 444489,
    "NAICS_Code": "336415",
    "NAICS_Code.1": 1323
  },
  {
    "": 85580,
    "NAICS_Code": "336419",
    "NAICS_Code.1": 1324
  },
  {
    "": 48849,
    "NAICS_Code": "336501",
    "NAICS_Code.1": 1325
  },
  {
    "": 25439,
    "NAICS_Code": "336510",
    "NAICS_Code.1": 1326
  },
  {
    "": 897,
    "NAICS_Code": "336611",
    "NAICS_Code.1": 1327
  },
  {
    "": 2838,
    "NAICS_Code": "336612",
    "NAICS_Code.1": 1328
  },
  {
    "": 577,
    "NAICS_Code": "336991",
    "NAICS_Code.1": 1329
  },
  {
    "": 376517,
    "NAICS_Code": "336992",
    "NAICS_Code.1": 1330
  },
  {
    "": 64500,
    "NAICS_Code": "336999",
    "NAICS_Code.1": 1331
  },
  {
    "": 19119,
    "NAICS_Code": "337110",
    "NAICS_Code.1": 1332
  },
  {
    "": 91393,
    "NAICS_Code": "337121",
    "NAICS_Code.1": 1333
  },
  {
    "": 1964,
    "NAICS_Code": "337122",
    "NAICS_Code.1": 1334
  },
  {
    "": 52410,
    "NAICS_Code": "337124",
    "NAICS_Code.1": 1335
  },
  {
    "": 20341,
    "NAICS_Code": "337125",
    "NAICS_Code.1": 1336
  },
  {
    "": 29186,
    "NAICS_Code": "337127",
    "NAICS_Code.1": 1337
  },
  {
    "": 413270,
    "NAICS_Code": "337211",
    "NAICS_Code.1": 1338
  },
  {
    "": 21800,
    "NAICS_Code": "337212",
    "NAICS_Code.1": 1339
  },
  {
    "": 23335,
    "NAICS_Code": "337214",
    "NAICS_Code.1": 1340
  },
  {
    "": 21632,
    "NAICS_Code": "337215",
    "NAICS_Code.1": 1341
  },
  {
    "": 23662,
    "NAICS_Code": "337910",
    "NAICS_Code.1": 1342
  },
  {
    "": 14780,
    "NAICS_Code": "337920",
    "NAICS_Code.1": 1343
  },
  {
    "": 134706,
    "NAICS_Code": "339111",
    "NAICS_Code.1": 1344
  },
  {
    "": 19255,
    "NAICS_Code": "339112",
    "NAICS_Code.1": 1345
  },
  {
    "": 1388,
    "NAICS_Code": "339113",
    "NAICS_Code.1": 1346
  },
  {
    "": 20830,
    "NAICS_Code": "339114",
    "NAICS_Code.1": 1347
  },
  {
    "": 43945,
    "NAICS_Code": "339115",
    "NAICS_Code.1": 1348
  },
  {
    "": 1704,
    "NAICS_Code": "339116",
    "NAICS_Code.1": 1349
  },
  {
    "": 101923,
    "NAICS_Code": "339900",
    "NAICS_Code.1": 1350
  },
  {
    "": 85,
    "NAICS_Code": "339910",
    "NAICS_Code.1": 1351
  },
  {
    "": 57568,
    "NAICS_Code": "339911",
    "NAICS_Code.1": 1352
  },
  {
    "": 314471,
    "NAICS_Code": "339914",
    "NAICS_Code.1": 1353
  },
  {
    "": 3199,
    "NAICS_Code": "339920",
    "NAICS_Code.1": 1354
  },
  {
    "": 23766,
    "NAICS_Code": "339930",
    "NAICS_Code.1": 1355
  },
  {
    "": 202540,
    "NAICS_Code": "339931",
    "NAICS_Code.1": 1356
  },
  {
    "": 56773,
    "NAICS_Code": "339932",
    "NAICS_Code.1": 1357
  },
  {
    "": 745,
    "NAICS_Code": "339940",
    "NAICS_Code.1": 1358
  },
  {
    "": 497657,
    "NAICS_Code": "339941",
    "NAICS_Code.1": 1359
  },
  {
    "": 56728,
    "NAICS_Code": "339943",
    "NAICS_Code.1": 1360
  },
  {
    "": 3966,
    "NAICS_Code": "339950",
    "NAICS_Code.1": 1361
  },
  {
    "": 36115,
    "NAICS_Code": "339991",
    "NAICS_Code.1": 1362
  },
  {
    "": 316891,
    "NAICS_Code": "339992",
    "NAICS_Code.1": 1363
  },
  {
    "": 27335,
    "NAICS_Code": "339993",
    "NAICS_Code.1": 1364
  },
  {
    "": 389752,
    "NAICS_Code": "339994",
    "NAICS_Code.1": 1365
  },
  {
    "": 129,
    "NAICS_Code": "339999",
    "NAICS_Code.1": 1366
  },
  {
    "": 1340,
    "NAICS_Code": "423110",
    "NAICS_Code.1": 1367
  },
  {
    "": 466,
    "NAICS_Code": "423120",
    "NAICS_Code.1": 1368
  },
  {
    "": 25250,
    "NAICS_Code": "423130",
    "NAICS_Code.1": 1369
  },
  {
    "": 887,
    "NAICS_Code": "423210",
    "NAICS_Code.1": 1370
  },
  {
    "": 86,
    "NAICS_Code": "423220",
    "NAICS_Code.1": 1371
  },
  {
    "": 860,
    "NAICS_Code": "423310",
    "NAICS_Code.1": 1372
  },
  {
    "": 13342,
    "NAICS_Code": "423320",
    "NAICS_Code.1": 1373
  },
  {
    "": 32760,
    "NAICS_Code": "423330",
    "NAICS_Code.1": 1374
  },
  {
    "": 24845,
    "NAICS_Code": "423390",
    "NAICS_Code.1": 1375
  },
  {
    "": 87934,
    "NAICS_Code": "423410",
    "NAICS_Code.1": 1376
  },
  {
    "": 56858,
    "NAICS_Code": "423420",
    "NAICS_Code.1": 1377
  },
  {
    "": 9618,
    "NAICS_Code": "423430",
    "NAICS_Code.1": 1378
  },
  {
    "": 131,
    "NAICS_Code": "423440",
    "NAICS_Code.1": 1379
  },
  {
    "": 292,
    "NAICS_Code": "423450",
    "NAICS_Code.1": 1380
  },
  {
    "": 20842,
    "NAICS_Code": "423460",
    "NAICS_Code.1": 1381
  },
  {
    "": 43459,
    "NAICS_Code": "423490",
    "NAICS_Code.1": 1382
  },
  {
    "": 19452,
    "NAICS_Code": "423510",
    "NAICS_Code.1": 1383
  },
  {
    "": 85127,
    "NAICS_Code": "423520",
    "NAICS_Code.1": 1384
  },
  {
    "": 158,
    "NAICS_Code": "423610",
    "NAICS_Code.1": 1385
  },
  {
    "": 1260,
    "NAICS_Code": "423620",
    "NAICS_Code.1": 1386
  },
  {
    "": 5900,
    "NAICS_Code": "423690",
    "NAICS_Code.1": 1387
  },
  {
    "": 1970,
    "NAICS_Code": "423710",
    "NAICS_Code.1": 1388
  },
  {
    "": 351,
    "NAICS_Code": "423720",
    "NAICS_Code.1": 1389
  },
  {
    "": 2955,
    "NAICS_Code": "423730",
    "NAICS_Code.1": 1390
  },
  {
    "": 28835,
    "NAICS_Code": "423740",
    "NAICS_Code.1": 1391
  },
  {
    "": 1475,
    "NAICS_Code": "423810",
    "NAICS_Code.1": 1392
  },
  {
    "": 25256,
    "NAICS_Code": "423820",
    "NAICS_Code.1": 1393
  },
  {
    "": 426,
    "NAICS_Code": "423830",
    "NAICS_Code.1": 1394
  },
  {
    "": 1172,
    "NAICS_Code": "423840",
    "NAICS_Code.1": 1395
  },
  {
    "": 21439,
    "NAICS_Code": "423850",
    "NAICS_Code.1": 1396
  },
  {
    "": 3506,
    "NAICS_Code": "423860",
    "NAICS_Code.1": 1397
  },
  {
    "": 463,
    "NAICS_Code": "423910",
    "NAICS_Code.1": 1398
  },
  {
    "": 22819,
    "NAICS_Code": "423920",
    "NAICS_Code.1": 1399
  },
  {
    "": 795,
    "NAICS_Code": "423930",
    "NAICS_Code.1": 1400
  },
  {
    "": 1289,
    "NAICS_Code": "423940",
    "NAICS_Code.1": 1401
  },
  {
    "": 187,
    "NAICS_Code": "423990",
    "NAICS_Code.1": 1402
  },
  {
    "": 330156,
    "NAICS_Code": "424110",
    "NAICS_Code.1": 1403
  },
  {
    "": 55894,
    "NAICS_Code": "424120",
    "NAICS_Code.1": 1404
  },
  {
    "": 23381,
    "NAICS_Code": "424130",
    "NAICS_Code.1": 1405
  },
  {
    "": 180,
    "NAICS_Code": "424210",
    "NAICS_Code.1": 1406
  },
  {
    "": 3128,
    "NAICS_Code": "424310",
    "NAICS_Code.1": 1407
  },
  {
    "": 1281,
    "NAICS_Code": "424320",
    "NAICS_Code.1": 1408
  },
  {
    "": 236,
    "NAICS_Code": "424330",
    "NAICS_Code.1": 1409
  },
  {
    "": 104,
    "NAICS_Code": "424340",
    "NAICS_Code.1": 1410
  },
  {
    "": 269864,
    "NAICS_Code": "424400",
    "NAICS_Code.1": 1411
  },
  {
    "": 76,
    "NAICS_Code": "424410",
    "NAICS_Code.1": 1412
  },
  {
    "": 1408,
    "NAICS_Code": "424420",
    "NAICS_Code.1": 1413
  },
  {
    "": 25581,
    "NAICS_Code": "424430",
    "NAICS_Code.1": 1414
  },
  {
    "": 42524,
    "NAICS_Code": "424440",
    "NAICS_Code.1": 1415
  },
  {
    "": 1755,
    "NAICS_Code": "424450",
    "NAICS_Code.1": 1416
  },
  {
    "": 20236,
    "NAICS_Code": "424460",
    "NAICS_Code.1": 1417
  },
  {
    "": 34845,
    "NAICS_Code": "424470",
    "NAICS_Code.1": 1418
  },
  {
    "": 244,
    "NAICS_Code": "424480",
    "NAICS_Code.1": 1419
  },
  {
    "": 851,
    "NAICS_Code": "424490",
    "NAICS_Code.1": 1420
  },
  {
    "": 20569,
    "NAICS_Code": "424510",
    "NAICS_Code.1": 1421
  },
  {
    "": 28699,
    "NAICS_Code": "424590",
    "NAICS_Code.1": 1422
  },
  {
    "": 20098,
    "NAICS_Code": "424610",
    "NAICS_Code.1": 1423
  },
  {
    "": 659,
    "NAICS_Code": "424690",
    "NAICS_Code.1": 1424
  },
  {
    "": 49160,
    "NAICS_Code": "424710",
    "NAICS_Code.1": 1425
  },
  {
    "": 189401,
    "NAICS_Code": "424720",
    "NAICS_Code.1": 1426
  },
  {
    "": 362,
    "NAICS_Code": "424820",
    "NAICS_Code.1": 1427
  },
  {
    "": 2300,
    "NAICS_Code": "424910",
    "NAICS_Code.1": 1428
  },
  {
    "": 256,
    "NAICS_Code": "424920",
    "NAICS_Code.1": 1429
  },
  {
    "": 211768,
    "NAICS_Code": "424930",
    "NAICS_Code.1": 1430
  },
  {
    "": 116174,
    "NAICS_Code": "424940",
    "NAICS_Code.1": 1431
  },
  {
    "": 88406,
    "NAICS_Code": "424950",
    "NAICS_Code.1": 1432
  },
  {
    "": 304,
    "NAICS_Code": "424990",
    "NAICS_Code.1": 1433
  },
  {
    "": 352,
    "NAICS_Code": "425110",
    "NAICS_Code.1": 1434
  },
  {
    "": 396,
    "NAICS_Code": "425120",
    "NAICS_Code.1": 1435
  },
  {
    "": 18973,
    "NAICS_Code": "441110",
    "NAICS_Code.1": 1436
  },
  {
    "": 27159,
    "NAICS_Code": "441120",
    "NAICS_Code.1": 1437
  },
  {
    "": 21794,
    "NAICS_Code": "441210",
    "NAICS_Code.1": 1438
  },
  {
    "": 347911,
    "NAICS_Code": "441221",
    "NAICS_Code.1": 1439
  },
  {
    "": 8,
    "NAICS_Code": "441222",
    "NAICS_Code.1": 1440
  },
  {
    "": 1110,
    "NAICS_Code": "441228",
    "NAICS_Code.1": 1441
  },
  {
    "": 46958,
    "NAICS_Code": "441229",
    "NAICS_Code.1": 1442
  },
  {
    "": 1050,
    "NAICS_Code": "441310",
    "NAICS_Code.1": 1443
  },
  {
    "": 2120,
    "NAICS_Code": "441320",
    "NAICS_Code.1": 1444
  },
  {
    "": 160,
    "NAICS_Code": "442110",
    "NAICS_Code.1": 1445
  },
  {
    "": 190,
    "NAICS_Code": "442210",
    "NAICS_Code.1": 1446
  },
  {
    "": 192451,
    "NAICS_Code": "442291",
    "NAICS_Code.1": 1447
  },
  {
    "": 1397,
    "NAICS_Code": "442299",
    "NAICS_Code.1": 1448
  },
  {
    "": 52395,
    "NAICS_Code": "443111",
    "NAICS_Code.1": 1449
  },
  {
    "": 662,
    "NAICS_Code": "443112",
    "NAICS_Code.1": 1450
  },
  {
    "": 1657,
    "NAICS_Code": "443120",
    "NAICS_Code.1": 1451
  },
  {
    "": 72797,
    "NAICS_Code": "443130",
    "NAICS_Code.1": 1452
  },
  {
    "": 316099,
    "NAICS_Code": "443141",
    "NAICS_Code.1": 1453
  },
  {
    "": 645,
    "NAICS_Code": "443142",
    "NAICS_Code.1": 1454
  },
  {
    "": 57936,
    "NAICS_Code": "444110",
    "NAICS_Code.1": 1455
  },
  {
    "": 343545,
    "NAICS_Code": "444120",
    "NAICS_Code.1": 1456
  },
  {
    "": 303616,
    "NAICS_Code": "444130",
    "NAICS_Code.1": 1457
  },
  {
    "": 20985,
    "NAICS_Code": "444190",
    "NAICS_Code.1": 1458
  },
  {
    "": 435452,
    "NAICS_Code": "444210",
    "NAICS_Code.1": 1459
  },
  {
    "": 20286,
    "NAICS_Code": "444220",
    "NAICS_Code.1": 1460
  },
  {
    "": 440,
    "NAICS_Code": "445110",
    "NAICS_Code.1": 1461
  },
  {
    "": 1066,
    "NAICS_Code": "445120",
    "NAICS_Code.1": 1462
  },
  {
    "": 346618,
    "NAICS_Code": "445210",
    "NAICS_Code.1": 1463
  },
  {
    "": 438548,
    "NAICS_Code": "445220",
    "NAICS_Code.1": 1464
  },
  {
    "": 549846,
    "NAICS_Code": "445230",
    "NAICS_Code.1": 1465
  },
  {
    "": 19839,
    "NAICS_Code": "445291",
    "NAICS_Code.1": 1466
  },
  {
    "": 316674,
    "NAICS_Code": "445292",
    "NAICS_Code.1": 1467
  },
  {
    "": 347,
    "NAICS_Code": "445299",
    "NAICS_Code.1": 1468
  },
  {
    "": 156796,
    "NAICS_Code": "445310",
    "NAICS_Code.1": 1469
  },
  {
    "": 133,
    "NAICS_Code": "446110",
    "NAICS_Code.1": 1470
  },
  {
    "": 639,
    "NAICS_Code": "446120",
    "NAICS_Code.1": 1471
  },
  {
    "": 38893,
    "NAICS_Code": "446130",
    "NAICS_Code.1": 1472
  },
  {
    "": 1339,
    "NAICS_Code": "446191",
    "NAICS_Code.1": 1473
  },
  {
    "": 21825,
    "NAICS_Code": "446199",
    "NAICS_Code.1": 1474
  },
  {
    "": 11661,
    "NAICS_Code": "447110",
    "NAICS_Code.1": 1475
  },
  {
    "": 368733,
    "NAICS_Code": "447190",
    "NAICS_Code.1": 1476
  },
  {
    "": 73416,
    "NAICS_Code": "448110",
    "NAICS_Code.1": 1477
  },
  {
    "": 14858,
    "NAICS_Code": "448120",
    "NAICS_Code.1": 1478
  },
  {
    "": 3311,
    "NAICS_Code": "448130",
    "NAICS_Code.1": 1479
  },
  {
    "": 20502,
    "NAICS_Code": "448140",
    "NAICS_Code.1": 1480
  },
  {
    "": 1399,
    "NAICS_Code": "448150",
    "NAICS_Code.1": 1481
  },
  {
    "": 644,
    "NAICS_Code": "448190",
    "NAICS_Code.1": 1482
  },
  {
    "": 128,
    "NAICS_Code": "448210",
    "NAICS_Code.1": 1483
  },
  {
    "": 54,
    "NAICS_Code": "448310",
    "NAICS_Code.1": 1484
  },
  {
    "": 91423,
    "NAICS_Code": "448320",
    "NAICS_Code.1": 1485
  },
  {
    "": 25223,
    "NAICS_Code": "451110",
    "NAICS_Code.1": 1486
  },
  {
    "": 19170,
    "NAICS_Code": "451120",
    "NAICS_Code.1": 1487
  },
  {
    "": 319134,
    "NAICS_Code": "451130",
    "NAICS_Code.1": 1488
  },
  {
    "": 2461,
    "NAICS_Code": "451140",
    "NAICS_Code.1": 1489
  },
  {
    "": 180378,
    "NAICS_Code": "451211",
    "NAICS_Code.1": 1490
  },
  {
    "": 19335,
    "NAICS_Code": "452111",
    "NAICS_Code.1": 1491
  },
  {
    "": 30814,
    "NAICS_Code": "452112",
    "NAICS_Code.1": 1492
  },
  {
    "": 75597,
    "NAICS_Code": "452910",
    "NAICS_Code.1": 1493
  },
  {
    "": 468,
    "NAICS_Code": "452990",
    "NAICS_Code.1": 1494
  },
  {
    "": 238248,
    "NAICS_Code": "453110",
    "NAICS_Code.1": 1495
  },
  {
    "": 1678,
    "NAICS_Code": "453210",
    "NAICS_Code.1": 1496
  },
  {
    "": 20006,
    "NAICS_Code": "453220",
    "NAICS_Code.1": 1497
  },
  {
    "": 337801,
    "NAICS_Code": "453310",
    "NAICS_Code.1": 1498
  },
  {
    "": 7618,
    "NAICS_Code": "453910",
    "NAICS_Code.1": 1499
  },
  {
    "": 269,
    "NAICS_Code": "453920",
    "NAICS_Code.1": 1500
  },
  {
    "": 414530,
    "NAICS_Code": "453930",
    "NAICS_Code.1": 1501
  },
  {
    "": 327966,
    "NAICS_Code": "453991",
    "NAICS_Code.1": 1502
  },
  {
    "": 663,
    "NAICS_Code": "453998",
    "NAICS_Code.1": 1503
  },
  {
    "": 19961,
    "NAICS_Code": "454110",
    "NAICS_Code.1": 1504
  },
  {
    "": 179,
    "NAICS_Code": "454111",
    "NAICS_Code.1": 1505
  },
  {
    "": 25391,
    "NAICS_Code": "454112",
    "NAICS_Code.1": 1506
  },
  {
    "": 36183,
    "NAICS_Code": "454113",
    "NAICS_Code.1": 1507
  },
  {
    "": 64419,
    "NAICS_Code": "454210",
    "NAICS_Code.1": 1508
  },
  {
    "": 36656,
    "NAICS_Code": "454310",
    "NAICS_Code.1": 1509
  },
  {
    "": 88207,
    "NAICS_Code": "454311",
    "NAICS_Code.1": 1510
  },
  {
    "": 317685,
    "NAICS_Code": "454319",
    "NAICS_Code.1": 1511
  },
  {
    "": 18816,
    "NAICS_Code": "454390",
    "NAICS_Code.1": 1512
  },
  {
    "": 4664,
    "NAICS_Code": "481111",
    "NAICS_Code.1": 1513
  },
  {
    "": 17586,
    "NAICS_Code": "481112",
    "NAICS_Code.1": 1514
  },
  {
    "": 13930,
    "NAICS_Code": "481211",
    "NAICS_Code.1": 1515
  },
  {
    "": 18800,
    "NAICS_Code": "481212",
    "NAICS_Code.1": 1516
  },
  {
    "": 63986,
    "NAICS_Code": "481219",
    "NAICS_Code.1": 1517
  },
  {
    "": 83243,
    "NAICS_Code": "482111",
    "NAICS_Code.1": 1518
  },
  {
    "": 364582,
    "NAICS_Code": "482112",
    "NAICS_Code.1": 1519
  },
  {
    "": 2407,
    "NAICS_Code": "483111",
    "NAICS_Code.1": 1520
  },
  {
    "": 25860,
    "NAICS_Code": "483112",
    "NAICS_Code.1": 1521
  },
  {
    "": 49230,
    "NAICS_Code": "483113",
    "NAICS_Code.1": 1522
  },
  {
    "": 512563,
    "NAICS_Code": "483114",
    "NAICS_Code.1": 1523
  },
  {
    "": 19254,
    "NAICS_Code": "484110",
    "NAICS_Code.1": 1524
  },
  {
    "": 5302,
    "NAICS_Code": "484121",
    "NAICS_Code.1": 1525
  },
  {
    "": 62635,
    "NAICS_Code": "484122",
    "NAICS_Code.1": 1526
  },
  {
    "": 187912,
    "NAICS_Code": "484210",
    "NAICS_Code.1": 1527
  },
  {
    "": 164213,
    "NAICS_Code": "484220",
    "NAICS_Code.1": 1528
  },
  {
    "": 1554,
    "NAICS_Code": "484230",
    "NAICS_Code.1": 1529
  },
  {
    "": 256780,
    "NAICS_Code": "485111",
    "NAICS_Code.1": 1530
  },
  {
    "": 46008,
    "NAICS_Code": "485112",
    "NAICS_Code.1": 1531
  },
  {
    "": 40500,
    "NAICS_Code": "485113",
    "NAICS_Code.1": 1532
  },
  {
    "": 258215,
    "NAICS_Code": "485119",
    "NAICS_Code.1": 1533
  },
  {
    "": 383360,
    "NAICS_Code": "485210",
    "NAICS_Code.1": 1534
  },
  {
    "": 86406,
    "NAICS_Code": "485310",
    "NAICS_Code.1": 1535
  },
  {
    "": 493721,
    "NAICS_Code": "485320",
    "NAICS_Code.1": 1536
  },
  {
    "": 328081,
    "NAICS_Code": "485410",
    "NAICS_Code.1": 1537
  },
  {
    "": 293737,
    "NAICS_Code": "485510",
    "NAICS_Code.1": 1538
  },
  {
    "": 38387,
    "NAICS_Code": "485991",
    "NAICS_Code.1": 1539
  },
  {
    "": 78853,
    "NAICS_Code": "485999",
    "NAICS_Code.1": 1540
  },
  {
    "": 30721,
    "NAICS_Code": "486210",
    "NAICS_Code.1": 1541
  },
  {
    "": 62611,
    "NAICS_Code": "487110",
    "NAICS_Code.1": 1542
  },
  {
    "": 32910,
    "NAICS_Code": "487210",
    "NAICS_Code.1": 1543
  },
  {
    "": 161762,
    "NAICS_Code": "487990",
    "NAICS_Code.1": 1544
  },
  {
    "": 451927,
    "NAICS_Code": "488111",
    "NAICS_Code.1": 1545
  },
  {
    "": 3405,
    "NAICS_Code": "488119",
    "NAICS_Code.1": 1546
  },
  {
    "": 1164,
    "NAICS_Code": "488190",
    "NAICS_Code.1": 1547
  },
  {
    "": 40563,
    "NAICS_Code": "488210",
    "NAICS_Code.1": 1548
  },
  {
    "": 358575,
    "NAICS_Code": "488300",
    "NAICS_Code.1": 1549
  },
  {
    "": 3920,
    "NAICS_Code": "488320",
    "NAICS_Code.1": 1550
  },
  {
    "": 1521,
    "NAICS_Code": "488330",
    "NAICS_Code.1": 1551
  },
  {
    "": 155563,
    "NAICS_Code": "488390",
    "NAICS_Code.1": 1552
  },
  {
    "": 52620,
    "NAICS_Code": "488410",
    "NAICS_Code.1": 1553
  },
  {
    "": 200,
    "NAICS_Code": "488490",
    "NAICS_Code.1": 1554
  },
  {
    "": 459,
    "NAICS_Code": "488510",
    "NAICS_Code.1": 1555
  },
  {
    "": 163581,
    "NAICS_Code": "488991",
    "NAICS_Code.1": 1556
  },
  {
    "": 26994,
    "NAICS_Code": "488999",
    "NAICS_Code.1": 1557
  },
  {
    "": 572677,
    "NAICS_Code": "491110",
    "NAICS_Code.1": 1558
  },
  {
    "": 2060,
    "NAICS_Code": "492110",
    "NAICS_Code.1": 1559
  },
  {
    "": 20992,
    "NAICS_Code": "492210",
    "NAICS_Code.1": 1560
  },
  {
    "": 867,
    "NAICS_Code": "493110",
    "NAICS_Code.1": 1561
  },
  {
    "": 56443,
    "NAICS_Code": "493120",
    "NAICS_Code.1": 1562
  },
  {
    "": 21239,
    "NAICS_Code": "493130",
    "NAICS_Code.1": 1563
  },
  {
    "": 20840,
    "NAICS_Code": "493190",
    "NAICS_Code.1": 1564
  },
  {
    "": 52,
    "NAICS_Code": "511110",
    "NAICS_Code.1": 1565
  },
  {
    "": 2530,
    "NAICS_Code": "511120",
    "NAICS_Code.1": 1566
  },
  {
    "": 434,
    "NAICS_Code": "511130",
    "NAICS_Code.1": 1567
  },
  {
    "": 43122,
    "NAICS_Code": "511140",
    "NAICS_Code.1": 1568
  },
  {
    "": 37401,
    "NAICS_Code": "511191",
    "NAICS_Code.1": 1569
  },
  {
    "": 19778,
    "NAICS_Code": "511199",
    "NAICS_Code.1": 1570
  },
  {
    "": 1814,
    "NAICS_Code": "511210",
    "NAICS_Code.1": 1571
  },
  {
    "": 11213,
    "NAICS_Code": "511513",
    "NAICS_Code.1": 1572
  },
  {
    "": 308,
    "NAICS_Code": "512110",
    "NAICS_Code.1": 1573
  },
  {
    "": 4494,
    "NAICS_Code": "512120",
    "NAICS_Code.1": 1574
  },
  {
    "": 113392,
    "NAICS_Code": "512131",
    "NAICS_Code.1": 1575
  },
  {
    "": 188,
    "NAICS_Code": "512191",
    "NAICS_Code.1": 1576
  },
  {
    "": 586,
    "NAICS_Code": "512199",
    "NAICS_Code.1": 1577
  },
  {
    "": 212462,
    "NAICS_Code": "512210",
    "NAICS_Code.1": 1578
  },
  {
    "": 133641,
    "NAICS_Code": "512220",
    "NAICS_Code.1": 1579
  },
  {
    "": 15397,
    "NAICS_Code": "512230",
    "NAICS_Code.1": 1580
  },
  {
    "": 314842,
    "NAICS_Code": "512240",
    "NAICS_Code.1": 1581
  },
  {
    "": 190179,
    "NAICS_Code": "512290",
    "NAICS_Code.1": 1582
  },
  {
    "": 102002,
    "NAICS_Code": "514199",
    "NAICS_Code.1": 1583
  },
  {
    "": 115972,
    "NAICS_Code": "514511",
    "NAICS_Code.1": 1584
  },
  {
    "": 31166,
    "NAICS_Code": "515111",
    "NAICS_Code.1": 1585
  },
  {
    "": 10974,
    "NAICS_Code": "515112",
    "NAICS_Code.1": 1586
  },
  {
    "": 223,
    "NAICS_Code": "515120",
    "NAICS_Code.1": 1587
  },
  {
    "": 4181,
    "NAICS_Code": "515210",
    "NAICS_Code.1": 1588
  },
  {
    "": 11697,
    "NAICS_Code": "516110",
    "NAICS_Code.1": 1589
  },
  {
    "": 302317,
    "NAICS_Code": "517000",
    "NAICS_Code.1": 1590
  },
  {
    "": 709,
    "NAICS_Code": "517110",
    "NAICS_Code.1": 1591
  },
  {
    "": 4725,
    "NAICS_Code": "517210",
    "NAICS_Code.1": 1592
  },
  {
    "": 115406,
    "NAICS_Code": "517211",
    "NAICS_Code.1": 1593
  },
  {
    "": 679,
    "NAICS_Code": "517212",
    "NAICS_Code.1": 1594
  },
  {
    "": 39646,
    "NAICS_Code": "517310",
    "NAICS_Code.1": 1595
  },
  {
    "": 34769,
    "NAICS_Code": "517312",
    "NAICS_Code.1": 1596
  },
  {
    "": 45426,
    "NAICS_Code": "517410",
    "NAICS_Code.1": 1597
  },
  {
    "": 36104,
    "NAICS_Code": "517510",
    "NAICS_Code.1": 1598
  },
  {
    "": 5152,
    "NAICS_Code": "517910",
    "NAICS_Code.1": 1599
  },
  {
    "": 1261,
    "NAICS_Code": "517911",
    "NAICS_Code.1": 1600
  },
  {
    "": 4694,
    "NAICS_Code": "517919",
    "NAICS_Code.1": 1601
  },
  {
    "": 12994,
    "NAICS_Code": "518111",
    "NAICS_Code.1": 1602
  },
  {
    "": 25164,
    "NAICS_Code": "518112",
    "NAICS_Code.1": 1603
  },
  {
    "": 344,
    "NAICS_Code": "518210",
    "NAICS_Code.1": 1604
  },
  {
    "": 13392,
    "NAICS_Code": "519100",
    "NAICS_Code.1": 1605
  },
  {
    "": 16226,
    "NAICS_Code": "519110",
    "NAICS_Code.1": 1606
  },
  {
    "": 25807,
    "NAICS_Code": "519120",
    "NAICS_Code.1": 1607
  },
  {
    "": 346,
    "NAICS_Code": "519130",
    "NAICS_Code.1": 1608
  },
  {
    "": 4476,
    "NAICS_Code": "519190",
    "NAICS_Code.1": 1609
  },
  {
    "": 27963,
    "NAICS_Code": "521110",
    "NAICS_Code.1": 1610
  },
  {
    "": 521,
    "NAICS_Code": "522110",
    "NAICS_Code.1": 1611
  },
  {
    "": 39943,
    "NAICS_Code": "522120",
    "NAICS_Code.1": 1612
  },
  {
    "": 41728,
    "NAICS_Code": "522130",
    "NAICS_Code.1": 1613
  },
  {
    "": 14028,
    "NAICS_Code": "522190",
    "NAICS_Code.1": 1614
  },
  {
    "": 43325,
    "NAICS_Code": "522210",
    "NAICS_Code.1": 1615
  },
  {
    "": 34637,
    "NAICS_Code": "522220",
    "NAICS_Code.1": 1616
  },
  {
    "": 788,
    "NAICS_Code": "522291",
    "NAICS_Code.1": 1617
  },
  {
    "": 979,
    "NAICS_Code": "522292",
    "NAICS_Code.1": 1618
  },
  {
    "": 634,
    "NAICS_Code": "522293",
    "NAICS_Code.1": 1619
  },
  {
    "": 56035,
    "NAICS_Code": "522294",
    "NAICS_Code.1": 1620
  },
  {
    "": 19228,
    "NAICS_Code": "522298",
    "NAICS_Code.1": 1621
  },
  {
    "": 761,
    "NAICS_Code": "522310",
    "NAICS_Code.1": 1622
  },
  {
    "": 2593,
    "NAICS_Code": "522320",
    "NAICS_Code.1": 1623
  },
  {
    "": 20639,
    "NAICS_Code": "522390",
    "NAICS_Code.1": 1624
  },
  {
    "": 127,
    "NAICS_Code": "523110",
    "NAICS_Code.1": 1625
  },
  {
    "": 2412,
    "NAICS_Code": "523120",
    "NAICS_Code.1": 1626
  },
  {
    "": 18938,
    "NAICS_Code": "523130",
    "NAICS_Code.1": 1627
  },
  {
    "": 102205,
    "NAICS_Code": "523140",
    "NAICS_Code.1": 1628
  },
  {
    "": 20953,
    "NAICS_Code": "523210",
    "NAICS_Code.1": 1629
  },
  {
    "": 27959,
    "NAICS_Code": "523900",
    "NAICS_Code.1": 1630
  },
  {
    "": 13369,
    "NAICS_Code": "523910",
    "NAICS_Code.1": 1631
  },
  {
    "": 1031,
    "NAICS_Code": "523920",
    "NAICS_Code.1": 1632
  },
  {
    "": 1417,
    "NAICS_Code": "523930",
    "NAICS_Code.1": 1633
  },
  {
    "": 112260,
    "NAICS_Code": "523990",
    "NAICS_Code.1": 1634
  },
  {
    "": 20127,
    "NAICS_Code": "523991",
    "NAICS_Code.1": 1635
  },
  {
    "": 1780,
    "NAICS_Code": "523999",
    "NAICS_Code.1": 1636
  },
  {
    "": 182814,
    "NAICS_Code": "524100",
    "NAICS_Code.1": 1637
  },
  {
    "": 6461,
    "NAICS_Code": "524113",
    "NAICS_Code.1": 1638
  },
  {
    "": 958,
    "NAICS_Code": "524114",
    "NAICS_Code.1": 1639
  },
  {
    "": 19346,
    "NAICS_Code": "524126",
    "NAICS_Code.1": 1640
  },
  {
    "": 24916,
    "NAICS_Code": "524127",
    "NAICS_Code.1": 1641
  },
  {
    "": 36574,
    "NAICS_Code": "524128",
    "NAICS_Code.1": 1642
  },
  {
    "": 43770,
    "NAICS_Code": "524130",
    "NAICS_Code.1": 1643
  },
  {
    "": 1715,
    "NAICS_Code": "524210",
    "NAICS_Code.1": 1644
  },
  {
    "": 307383,
    "NAICS_Code": "524290",
    "NAICS_Code.1": 1645
  },
  {
    "": 293792,
    "NAICS_Code": "524291",
    "NAICS_Code.1": 1646
  },
  {
    "": 25126,
    "NAICS_Code": "524292",
    "NAICS_Code.1": 1647
  },
  {
    "": 21497,
    "NAICS_Code": "524298",
    "NAICS_Code.1": 1648
  },
  {
    "": 57880,
    "NAICS_Code": "525110",
    "NAICS_Code.1": 1649
  },
  {
    "": 26489,
    "NAICS_Code": "525120",
    "NAICS_Code.1": 1650
  },
  {
    "": 105632,
    "NAICS_Code": "525190",
    "NAICS_Code.1": 1651
  },
  {
    "": 56954,
    "NAICS_Code": "525900",
    "NAICS_Code.1": 1652
  },
  {
    "": 36283,
    "NAICS_Code": "525910",
    "NAICS_Code.1": 1653
  },
  {
    "": 10677,
    "NAICS_Code": "525920",
    "NAICS_Code.1": 1654
  },
  {
    "": 7414,
    "NAICS_Code": "525930",
    "NAICS_Code.1": 1655
  },
  {
    "": 22471,
    "NAICS_Code": "525990",
    "NAICS_Code.1": 1656
  },
  {
    "": 572,
    "NAICS_Code": "531110",
    "NAICS_Code.1": 1657
  },
  {
    "": 2372,
    "NAICS_Code": "531120",
    "NAICS_Code.1": 1658
  },
  {
    "": 22500,
    "NAICS_Code": "531130",
    "NAICS_Code.1": 1659
  },
  {
    "": 1196,
    "NAICS_Code": "531190",
    "NAICS_Code.1": 1660
  },
  {
    "": 345,
    "NAICS_Code": "531210",
    "NAICS_Code.1": 1661
  },
  {
    "": 212,
    "NAICS_Code": "531311",
    "NAICS_Code.1": 1662
  },
  {
    "": 14493,
    "NAICS_Code": "531312",
    "NAICS_Code.1": 1663
  },
  {
    "": 24246,
    "NAICS_Code": "531320",
    "NAICS_Code.1": 1664
  },
  {
    "": 355,
    "NAICS_Code": "531390",
    "NAICS_Code.1": 1665
  },
  {
    "": 1756,
    "NAICS_Code": "532111",
    "NAICS_Code.1": 1666
  },
  {
    "": 196568,
    "NAICS_Code": "532112",
    "NAICS_Code.1": 1667
  },
  {
    "": 254207,
    "NAICS_Code": "532120",
    "NAICS_Code.1": 1668
  },
  {
    "": 204998,
    "NAICS_Code": "532210",
    "NAICS_Code.1": 1669
  },
  {
    "": 485854,
    "NAICS_Code": "532220",
    "NAICS_Code.1": 1670
  },
  {
    "": 302509,
    "NAICS_Code": "532291",
    "NAICS_Code.1": 1671
  },
  {
    "": 112884,
    "NAICS_Code": "532292",
    "NAICS_Code.1": 1672
  },
  {
    "": 333288,
    "NAICS_Code": "532299",
    "NAICS_Code.1": 1673
  },
  {
    "": 342347,
    "NAICS_Code": "532310",
    "NAICS_Code.1": 1674
  },
  {
    "": 28587,
    "NAICS_Code": "532411",
    "NAICS_Code.1": 1675
  },
  {
    "": 40822,
    "NAICS_Code": "532412",
    "NAICS_Code.1": 1676
  },
  {
    "": 24667,
    "NAICS_Code": "532420",
    "NAICS_Code.1": 1677
  },
  {
    "": 2144,
    "NAICS_Code": "532490",
    "NAICS_Code.1": 1678
  },
  {
    "": 1439,
    "NAICS_Code": "533110",
    "NAICS_Code.1": 1679
  },
  {
    "": 46,
    "NAICS_Code": "541110",
    "NAICS_Code.1": 1680
  },
  {
    "": 113937,
    "NAICS_Code": "541120",
    "NAICS_Code.1": 1681
  },
  {
    "": 35613,
    "NAICS_Code": "541191",
    "NAICS_Code.1": 1682
  },
  {
    "": 1536,
    "NAICS_Code": "541199",
    "NAICS_Code.1": 1683
  },
  {
    "": 226,
    "NAICS_Code": "541211",
    "NAICS_Code.1": 1684
  },
  {
    "": 1805,
    "NAICS_Code": "541213",
    "NAICS_Code.1": 1685
  },
  {
    "": 4076,
    "NAICS_Code": "541214",
    "NAICS_Code.1": 1686
  },
  {
    "": 36,
    "NAICS_Code": "541219",
    "NAICS_Code.1": 1687
  },
  {
    "": 252,
    "NAICS_Code": "541310",
    "NAICS_Code.1": 1688
  },
  {
    "": 631,
    "NAICS_Code": "541320",
    "NAICS_Code.1": 1689
  },
  {
    "": 391,
    "NAICS_Code": "541330",
    "NAICS_Code.1": 1690
  },
  {
    "": 915,
    "NAICS_Code": "541340",
    "NAICS_Code.1": 1691
  },
  {
    "": 147,
    "NAICS_Code": "541350",
    "NAICS_Code.1": 1692
  },
  {
    "": 13779,
    "NAICS_Code": "541360",
    "NAICS_Code.1": 1693
  },
  {
    "": 4561,
    "NAICS_Code": "541370",
    "NAICS_Code.1": 1694
  },
  {
    "": 514,
    "NAICS_Code": "541380",
    "NAICS_Code.1": 1695
  },
  {
    "": 341852,
    "NAICS_Code": "541400",
    "NAICS_Code.1": 1696
  },
  {
    "": 286,
    "NAICS_Code": "541410",
    "NAICS_Code.1": 1697
  },
  {
    "": 260219,
    "NAICS_Code": "541412",
    "NAICS_Code.1": 1698
  },
  {
    "": 367085,
    "NAICS_Code": "541419",
    "NAICS_Code.1": 1699
  },
  {
    "": 879,
    "NAICS_Code": "541420",
    "NAICS_Code.1": 1700
  },
  {
    "": 278,
    "NAICS_Code": "541430",
    "NAICS_Code.1": 1701
  },
  {
    "": 1084,
    "NAICS_Code": "541490",
    "NAICS_Code.1": 1702
  },
  {
    "": 19256,
    "NAICS_Code": "541500",
    "NAICS_Code.1": 1703
  },
  {
    "": 63516,
    "NAICS_Code": "541510",
    "NAICS_Code.1": 1704
  },
  {
    "": 489,
    "NAICS_Code": "541511",
    "NAICS_Code.1": 1705
  },
  {
    "": 118,
    "NAICS_Code": "541512",
    "NAICS_Code.1": 1706
  },
  {
    "": 1838,
    "NAICS_Code": "541513",
    "NAICS_Code.1": 1707
  },
  {
    "": 255,
    "NAICS_Code": "541519",
    "NAICS_Code.1": 1708
  },
  {
    "": 8987,
    "NAICS_Code": "541600",
    "NAICS_Code.1": 1709
  },
  {
    "": 18200,
    "NAICS_Code": "541610",
    "NAICS_Code.1": 1710
  },
  {
    "": 268,
    "NAICS_Code": "541611",
    "NAICS_Code.1": 1711
  },
  {
    "": 316,
    "NAICS_Code": "541612",
    "NAICS_Code.1": 1712
  },
  {
    "": 238,
    "NAICS_Code": "541613",
    "NAICS_Code.1": 1713
  },
  {
    "": 141,
    "NAICS_Code": "541614",
    "NAICS_Code.1": 1714
  },
  {
    "": 720,
    "NAICS_Code": "541618",
    "NAICS_Code.1": 1715
  },
  {
    "": 266,
    "NAICS_Code": "541620",
    "NAICS_Code.1": 1716
  },
  {
    "": 1144,
    "NAICS_Code": "541690",
    "NAICS_Code.1": 1717
  },
  {
    "": 115153,
    "NAICS_Code": "541700",
    "NAICS_Code.1": 1718
  },
  {
    "": 293,
    "NAICS_Code": "541710",
    "NAICS_Code.1": 1719
  },
  {
    "": 925,
    "NAICS_Code": "541711",
    "NAICS_Code.1": 1720
  },
  {
    "": 272,
    "NAICS_Code": "541712",
    "NAICS_Code.1": 1721
  },
  {
    "": 40764,
    "NAICS_Code": "541713",
    "NAICS_Code.1": 1722
  },
  {
    "": 25131,
    "NAICS_Code": "541714",
    "NAICS_Code.1": 1723
  },
  {
    "": 59190,
    "NAICS_Code": "541715",
    "NAICS_Code.1": 1724
  },
  {
    "": 115,
    "NAICS_Code": "541720",
    "NAICS_Code.1": 1725
  },
  {
    "": 269629,
    "NAICS_Code": "541800",
    "NAICS_Code.1": 1726
  },
  {
    "": 450,
    "NAICS_Code": "541810",
    "NAICS_Code.1": 1727
  },
  {
    "": 1020,
    "NAICS_Code": "541820",
    "NAICS_Code.1": 1728
  },
  {
    "": 26642,
    "NAICS_Code": "541830",
    "NAICS_Code.1": 1729
  },
  {
    "": 19636,
    "NAICS_Code": "541840",
    "NAICS_Code.1": 1730
  },
  {
    "": 21237,
    "NAICS_Code": "541850",
    "NAICS_Code.1": 1731
  },
  {
    "": 32509,
    "NAICS_Code": "541860",
    "NAICS_Code.1": 1732
  },
  {
    "": 18122,
    "NAICS_Code": "541870",
    "NAICS_Code.1": 1733
  },
  {
    "": 18204,
    "NAICS_Code": "541890",
    "NAICS_Code.1": 1734
  },
  {
    "": 144,
    "NAICS_Code": "541910",
    "NAICS_Code.1": 1735
  },
  {
    "": 74716,
    "NAICS_Code": "541921",
    "NAICS_Code.1": 1736
  },
  {
    "": 282,
    "NAICS_Code": "541922",
    "NAICS_Code.1": 1737
  },
  {
    "": 1170,
    "NAICS_Code": "541930",
    "NAICS_Code.1": 1738
  },
  {
    "": 88,
    "NAICS_Code": "541940",
    "NAICS_Code.1": 1739
  },
  {
    "": 132,
    "NAICS_Code": "541990",
    "NAICS_Code.1": 1740
  },
  {
    "": 183802,
    "NAICS_Code": "548511",
    "NAICS_Code.1": 1741
  },
  {
    "": 27603,
    "NAICS_Code": "551110",
    "NAICS_Code.1": 1742
  },
  {
    "": 47308,
    "NAICS_Code": "551111",
    "NAICS_Code.1": 1743
  },
  {
    "": 5554,
    "NAICS_Code": "551112",
    "NAICS_Code.1": 1744
  },
  {
    "": 142,
    "NAICS_Code": "551114",
    "NAICS_Code.1": 1745
  },
  {
    "": 145,
    "NAICS_Code": "561110",
    "NAICS_Code.1": 1746
  },
  {
    "": 21464,
    "NAICS_Code": "561210",
    "NAICS_Code.1": 1747
  },
  {
    "": 73555,
    "NAICS_Code": "561300",
    "NAICS_Code.1": 1748
  },
  {
    "": 14,
    "NAICS_Code": "561310",
    "NAICS_Code.1": 1749
  },
  {
    "": 38,
    "NAICS_Code": "561311",
    "NAICS_Code.1": 1750
  },
  {
    "": 1774,
    "NAICS_Code": "561312",
    "NAICS_Code.1": 1751
  },
  {
    "": 492,
    "NAICS_Code": "561320",
    "NAICS_Code.1": 1752
  },
  {
    "": 4383,
    "NAICS_Code": "561330",
    "NAICS_Code.1": 1753
  },
  {
    "": 559,
    "NAICS_Code": "561410",
    "NAICS_Code.1": 1754
  },
  {
    "": 235257,
    "NAICS_Code": "561421",
    "NAICS_Code.1": 1755
  },
  {
    "": 2648,
    "NAICS_Code": "561422",
    "NAICS_Code.1": 1756
  },
  {
    "": 3040,
    "NAICS_Code": "561431",
    "NAICS_Code.1": 1757
  },
  {
    "": 43810,
    "NAICS_Code": "561439",
    "NAICS_Code.1": 1758
  },
  {
    "": 40688,
    "NAICS_Code": "561440",
    "NAICS_Code.1": 1759
  },
  {
    "": 10920,
    "NAICS_Code": "561450",
    "NAICS_Code.1": 1760
  },
  {
    "": 57504,
    "NAICS_Code": "561490",
    "NAICS_Code.1": 1761
  },
  {
    "": 314367,
    "NAICS_Code": "561492",
    "NAICS_Code.1": 1762
  },
  {
    "": 152,
    "NAICS_Code": "561499",
    "NAICS_Code.1": 1763
  },
  {
    "": 768,
    "NAICS_Code": "561510",
    "NAICS_Code.1": 1764
  },
  {
    "": 364,
    "NAICS_Code": "561520",
    "NAICS_Code.1": 1765
  },
  {
    "": 20047,
    "NAICS_Code": "561591",
    "NAICS_Code.1": 1766
  },
  {
    "": 4932,
    "NAICS_Code": "561599",
    "NAICS_Code.1": 1767
  },
  {
    "": 1177,
    "NAICS_Code": "561611",
    "NAICS_Code.1": 1768
  },
  {
    "": 846,
    "NAICS_Code": "561612",
    "NAICS_Code.1": 1769
  },
  {
    "": 111562,
    "NAICS_Code": "561613",
    "NAICS_Code.1": 1770
  },
  {
    "": 556,
    "NAICS_Code": "561621",
    "NAICS_Code.1": 1771
  },
  {
    "": 328444,
    "NAICS_Code": "561622",
    "NAICS_Code.1": 1772
  },
  {
    "": 25412,
    "NAICS_Code": "561710",
    "NAICS_Code.1": 1773
  },
  {
    "": 19886,
    "NAICS_Code": "561720",
    "NAICS_Code.1": 1774
  },
  {
    "": 110,
    "NAICS_Code": "561730",
    "NAICS_Code.1": 1775
  },
  {
    "": 1677,
    "NAICS_Code": "561740",
    "NAICS_Code.1": 1776
  },
  {
    "": 92236,
    "NAICS_Code": "561790",
    "NAICS_Code.1": 1777
  },
  {
    "": 21642,
    "NAICS_Code": "561910",
    "NAICS_Code.1": 1778
  },
  {
    "": 30,
    "NAICS_Code": "561920",
    "NAICS_Code.1": 1779
  },
  {
    "": 1711,
    "NAICS_Code": "561990",
    "NAICS_Code.1": 1780
  },
  {
    "": 55775,
    "NAICS_Code": "562111",
    "NAICS_Code.1": 1781
  },
  {
    "": 83105,
    "NAICS_Code": "562112",
    "NAICS_Code.1": 1782
  },
  {
    "": 59889,
    "NAICS_Code": "562211",
    "NAICS_Code.1": 1783
  },
  {
    "": 44997,
    "NAICS_Code": "562212",
    "NAICS_Code.1": 1784
  },
  {
    "": 376415,
    "NAICS_Code": "562219",
    "NAICS_Code.1": 1785
  },
  {
    "": 31867,
    "NAICS_Code": "562910",
    "NAICS_Code.1": 1786
  },
  {
    "": 413851,
    "NAICS_Code": "562920",
    "NAICS_Code.1": 1787
  },
  {
    "": 345106,
    "NAICS_Code": "562991",
    "NAICS_Code.1": 1788
  },
  {
    "": 1133,
    "NAICS_Code": "562998",
    "NAICS_Code.1": 1789
  },
  {
    "": 4,
    "NAICS_Code": "611110",
    "NAICS_Code.1": 1790
  },
  {
    "": 18798,
    "NAICS_Code": "611210",
    "NAICS_Code.1": 1791
  },
  {
    "": 0,
    "NAICS_Code": "611310",
    "NAICS_Code.1": 1792
  },
  {
    "": 22122,
    "NAICS_Code": "611410",
    "NAICS_Code.1": 1793
  },
  {
    "": 9285,
    "NAICS_Code": "611420",
    "NAICS_Code.1": 1794
  },
  {
    "": 1209,
    "NAICS_Code": "611430",
    "NAICS_Code.1": 1795
  },
  {
    "": 327042,
    "NAICS_Code": "611511",
    "NAICS_Code.1": 1796
  },
  {
    "": 1558,
    "NAICS_Code": "611512",
    "NAICS_Code.1": 1797
  },
  {
    "": 345910,
    "NAICS_Code": "611513",
    "NAICS_Code.1": 1798
  },
  {
    "": 97592,
    "NAICS_Code": "611519",
    "NAICS_Code.1": 1799
  },
  {
    "": 107,
    "NAICS_Code": "611610",
    "NAICS_Code.1": 1800
  },
  {
    "": 688,
    "NAICS_Code": "611620",
    "NAICS_Code.1": 1801
  },
  {
    "": 583,
    "NAICS_Code": "611630",
    "NAICS_Code.1": 1802
  },
  {
    "": 116,
    "NAICS_Code": "611691",
    "NAICS_Code.1": 1803
  },
  {
    "": 373277,
    "NAICS_Code": "611692",
    "NAICS_Code.1": 1804
  },
  {
    "": 302,
    "NAICS_Code": "611699",
    "NAICS_Code.1": 1805
  },
  {
    "": 224,
    "NAICS_Code": "611710",
    "NAICS_Code.1": 1806
  },
  {
    "": 327828,
    "NAICS_Code": "620000",
    "NAICS_Code.1": 1807
  },
  {
    "": 164,
    "NAICS_Code": "621111",
    "NAICS_Code.1": 1808
  },
  {
    "": 584,
    "NAICS_Code": "621112",
    "NAICS_Code.1": 1809
  },
  {
    "": 2463,
    "NAICS_Code": "621210",
    "NAICS_Code.1": 1810
  },
  {
    "": 9416,
    "NAICS_Code": "621310",
    "NAICS_Code.1": 1811
  },
  {
    "": 12079,
    "NAICS_Code": "621320",
    "NAICS_Code.1": 1812
  },
  {
    "": 111197,
    "NAICS_Code": "621322",
    "NAICS_Code.1": 1813
  },
  {
    "": 323,
    "NAICS_Code": "621330",
    "NAICS_Code.1": 1814
  },
  {
    "": 381,
    "NAICS_Code": "621340",
    "NAICS_Code.1": 1815
  },
  {
    "": 163265,
    "NAICS_Code": "621391",
    "NAICS_Code.1": 1816
  },
  {
    "": 120,
    "NAICS_Code": "621399",
    "NAICS_Code.1": 1817
  },
  {
    "": 554,
    "NAICS_Code": "621410",
    "NAICS_Code.1": 1818
  },
  {
    "": 60,
    "NAICS_Code": "621420",
    "NAICS_Code.1": 1819
  },
  {
    "": 3306,
    "NAICS_Code": "621491",
    "NAICS_Code.1": 1820
  },
  {
    "": 31835,
    "NAICS_Code": "621492",
    "NAICS_Code.1": 1821
  },
  {
    "": 25828,
    "NAICS_Code": "621493",
    "NAICS_Code.1": 1822
  },
  {
    "": 245,
    "NAICS_Code": "621498",
    "NAICS_Code.1": 1823
  },
  {
    "": 307837,
    "NAICS_Code": "621510",
    "NAICS_Code.1": 1824
  },
  {
    "": 290,
    "NAICS_Code": "621511",
    "NAICS_Code.1": 1825
  },
  {
    "": 19748,
    "NAICS_Code": "621512",
    "NAICS_Code.1": 1826
  },
  {
    "": 3,
    "NAICS_Code": "621610",
    "NAICS_Code.1": 1827
  },
  {
    "": 298,
    "NAICS_Code": "621910",
    "NAICS_Code.1": 1828
  },
  {
    "": 30390,
    "NAICS_Code": "621991",
    "NAICS_Code.1": 1829
  },
  {
    "": 2354,
    "NAICS_Code": "621999",
    "NAICS_Code.1": 1830
  },
  {
    "": 36750,
    "NAICS_Code": "622100",
    "NAICS_Code.1": 1831
  },
  {
    "": 91,
    "NAICS_Code": "622110",
    "NAICS_Code.1": 1832
  },
  {
    "": 309209,
    "NAICS_Code": "622111",
    "NAICS_Code.1": 1833
  },
  {
    "": 24570,
    "NAICS_Code": "622200",
    "NAICS_Code.1": 1834
  },
  {
    "": 17816,
    "NAICS_Code": "622210",
    "NAICS_Code.1": 1835
  },
  {
    "": 11442,
    "NAICS_Code": "622310",
    "NAICS_Code.1": 1836
  },
  {
    "": 692,
    "NAICS_Code": "623110",
    "NAICS_Code.1": 1837
  },
  {
    "": 1370,
    "NAICS_Code": "623210",
    "NAICS_Code.1": 1838
  },
  {
    "": 20010,
    "NAICS_Code": "623220",
    "NAICS_Code.1": 1839
  },
  {
    "": 1518,
    "NAICS_Code": "623311",
    "NAICS_Code.1": 1840
  },
  {
    "": 31954,
    "NAICS_Code": "623312",
    "NAICS_Code.1": 1841
  },
  {
    "": 63913,
    "NAICS_Code": "623990",
    "NAICS_Code.1": 1842
  },
  {
    "": 65,
    "NAICS_Code": "624110",
    "NAICS_Code.1": 1843
  },
  {
    "": 296,
    "NAICS_Code": "624120",
    "NAICS_Code.1": 1844
  },
  {
    "": 318,
    "NAICS_Code": "624190",
    "NAICS_Code.1": 1845
  },
  {
    "": 45088,
    "NAICS_Code": "624210",
    "NAICS_Code.1": 1846
  },
  {
    "": 1176,
    "NAICS_Code": "624229",
    "NAICS_Code.1": 1847
  },
  {
    "": 313655,
    "NAICS_Code": "624230",
    "NAICS_Code.1": 1848
  },
  {
    "": 6962,
    "NAICS_Code": "624310",
    "NAICS_Code.1": 1849
  },
  {
    "": 220,
    "NAICS_Code": "624410",
    "NAICS_Code.1": 1850
  },
  {
    "": 14269,
    "NAICS_Code": "626110",
    "NAICS_Code.1": 1851
  },
  {
    "": 27,
    "NAICS_Code": "711110",
    "NAICS_Code.1": 1852
  },
  {
    "": 314983,
    "NAICS_Code": "711120",
    "NAICS_Code.1": 1853
  },
  {
    "": 473,
    "NAICS_Code": "711130",
    "NAICS_Code.1": 1854
  },
  {
    "": 26859,
    "NAICS_Code": "711190",
    "NAICS_Code.1": 1855
  },
  {
    "": 18819,
    "NAICS_Code": "711211",
    "NAICS_Code.1": 1856
  },
  {
    "": 1257,
    "NAICS_Code": "711212",
    "NAICS_Code.1": 1857
  },
  {
    "": 92741,
    "NAICS_Code": "711219",
    "NAICS_Code.1": 1858
  },
  {
    "": 1386,
    "NAICS_Code": "711310",
    "NAICS_Code.1": 1859
  },
  {
    "": 2983,
    "NAICS_Code": "711320",
    "NAICS_Code.1": 1860
  },
  {
    "": 61,
    "NAICS_Code": "711410",
    "NAICS_Code.1": 1861
  },
  {
    "": 670,
    "NAICS_Code": "711510",
    "NAICS_Code.1": 1862
  },
  {
    "": 148,
    "NAICS_Code": "712110",
    "NAICS_Code.1": 1863
  },
  {
    "": 51,
    "NAICS_Code": "712130",
    "NAICS_Code.1": 1864
  },
  {
    "": 141241,
    "NAICS_Code": "712190",
    "NAICS_Code.1": 1865
  },
  {
    "": 19562,
    "NAICS_Code": "713110",
    "NAICS_Code.1": 1866
  },
  {
    "": 21583,
    "NAICS_Code": "713120",
    "NAICS_Code.1": 1867
  },
  {
    "": 222643,
    "NAICS_Code": "713210",
    "NAICS_Code.1": 1868
  },
  {
    "": 51135,
    "NAICS_Code": "713290",
    "NAICS_Code.1": 1869
  },
  {
    "": 34,
    "NAICS_Code": "713910",
    "NAICS_Code.1": 1870
  },
  {
    "": 5984,
    "NAICS_Code": "713920",
    "NAICS_Code.1": 1871
  },
  {
    "": 57743,
    "NAICS_Code": "713930",
    "NAICS_Code.1": 1872
  },
  {
    "": 270,
    "NAICS_Code": "713940",
    "NAICS_Code.1": 1873
  },
  {
    "": 1391,
    "NAICS_Code": "713990",
    "NAICS_Code.1": 1874
  },
  {
    "": 101,
    "NAICS_Code": "721110",
    "NAICS_Code.1": 1875
  },
  {
    "": 28401,
    "NAICS_Code": "721120",
    "NAICS_Code.1": 1876
  },
  {
    "": 456666,
    "NAICS_Code": "721191",
    "NAICS_Code.1": 1877
  },
  {
    "": 28502,
    "NAICS_Code": "721199",
    "NAICS_Code.1": 1878
  },
  {
    "": 189,
    "NAICS_Code": "721214",
    "NAICS_Code.1": 1879
  },
  {
    "": 72427,
    "NAICS_Code": "721310",
    "NAICS_Code.1": 1880
  },
  {
    "": 37,
    "NAICS_Code": "722110",
    "NAICS_Code.1": 1881
  },
  {
    "": 248,
    "NAICS_Code": "722211",
    "NAICS_Code.1": 1882
  },
  {
    "": 314605,
    "NAICS_Code": "722212",
    "NAICS_Code.1": 1883
  },
  {
    "": 187946,
    "NAICS_Code": "722213",
    "NAICS_Code.1": 1884
  },
  {
    "": 344734,
    "NAICS_Code": "722300",
    "NAICS_Code.1": 1885
  },
  {
    "": 32,
    "NAICS_Code": "722310",
    "NAICS_Code.1": 1886
  },
  {
    "": 536,
    "NAICS_Code": "722320",
    "NAICS_Code.1": 1887
  },
  {
    "": 170238,
    "NAICS_Code": "722330",
    "NAICS_Code.1": 1888
  },
  {
    "": 231,
    "NAICS_Code": "722511",
    "NAICS_Code.1": 1889
  },
  {
    "": 42,
    "NAICS_Code": "722513",
    "NAICS_Code.1": 1890
  },
  {
    "": 804,
    "NAICS_Code": "722515",
    "NAICS_Code.1": 1891
  },
  {
    "": 487158,
    "NAICS_Code": "737299",
    "NAICS_Code.1": 1892
  },
  {
    "": 56828,
    "NAICS_Code": "811111",
    "NAICS_Code.1": 1893
  },
  {
    "": 701,
    "NAICS_Code": "811113",
    "NAICS_Code.1": 1894
  },
  {
    "": 3103,
    "NAICS_Code": "811118",
    "NAICS_Code.1": 1895
  },
  {
    "": 938,
    "NAICS_Code": "811121",
    "NAICS_Code.1": 1896
  },
  {
    "": 136131,
    "NAICS_Code": "811122",
    "NAICS_Code.1": 1897
  },
  {
    "": 24765,
    "NAICS_Code": "811191",
    "NAICS_Code.1": 1898
  },
  {
    "": 26470,
    "NAICS_Code": "811198",
    "NAICS_Code.1": 1899
  },
  {
    "": 19567,
    "NAICS_Code": "811211",
    "NAICS_Code.1": 1900
  },
  {
    "": 21983,
    "NAICS_Code": "811212",
    "NAICS_Code.1": 1901
  },
  {
    "": 40383,
    "NAICS_Code": "811213",
    "NAICS_Code.1": 1902
  },
  {
    "": 1788,
    "NAICS_Code": "811219",
    "NAICS_Code.1": 1903
  },
  {
    "": 2093,
    "NAICS_Code": "811310",
    "NAICS_Code.1": 1904
  },
  {
    "": 36294,
    "NAICS_Code": "811412",
    "NAICS_Code.1": 1905
  },
  {
    "": 61458,
    "NAICS_Code": "811490",
    "NAICS_Code.1": 1906
  },
  {
    "": 27463,
    "NAICS_Code": "812112",
    "NAICS_Code.1": 1907
  },
  {
    "": 7,
    "NAICS_Code": "812113",
    "NAICS_Code.1": 1908
  },
  {
    "": 31082,
    "NAICS_Code": "812191",
    "NAICS_Code.1": 1909
  },
  {
    "": 64420,
    "NAICS_Code": "812199",
    "NAICS_Code.1": 1910
  },
  {
    "": 321118,
    "NAICS_Code": "812210",
    "NAICS_Code.1": 1911
  },
  {
    "": 539387,
    "NAICS_Code": "812320",
    "NAICS_Code.1": 1912
  },
  {
    "": 254955,
    "NAICS_Code": "812331",
    "NAICS_Code.1": 1913
  },
  {
    "": 3225,
    "NAICS_Code": "812332",
    "NAICS_Code.1": 1914
  },
  {
    "": 19564,
    "NAICS_Code": "812910",
    "NAICS_Code.1": 1915
  },
  {
    "": 178275,
    "NAICS_Code": "812921",
    "NAICS_Code.1": 1916
  },
  {
    "": 182419,
    "NAICS_Code": "812930",
    "NAICS_Code.1": 1917
  },
  {
    "": 833,
    "NAICS_Code": "812990",
    "NAICS_Code.1": 1918
  },
  {
    "": 18,
    "NAICS_Code": "813110",
    "NAICS_Code.1": 1919
  },
  {
    "": 533,
    "NAICS_Code": "813211",
    "NAICS_Code.1": 1920
  },
  {
    "": 1314,
    "NAICS_Code": "813212",
    "NAICS_Code.1": 1921
  },
  {
    "": 2810,
    "NAICS_Code": "813219",
    "NAICS_Code.1": 1922
  },
  {
    "": 20367,
    "NAICS_Code": "813311",
    "NAICS_Code.1": 1923
  },
  {
    "": 59,
    "NAICS_Code": "813312",
    "NAICS_Code.1": 1924
  },
  {
    "": 413,
    "NAICS_Code": "813319",
    "NAICS_Code.1": 1925
  },
  {
    "": 2132,
    "NAICS_Code": "813410",
    "NAICS_Code.1": 1926
  },
  {
    "": 2913,
    "NAICS_Code": "813910",
    "NAICS_Code.1": 1927
  },
  {
    "": 20481,
    "NAICS_Code": "813920",
    "NAICS_Code.1": 1928
  },
  {
    "": 40543,
    "NAICS_Code": "813930",
    "NAICS_Code.1": 1929
  },
  {
    "": 16329,
    "NAICS_Code": "813940",
    "NAICS_Code.1": 1930
  },
  {
    "": 5303,
    "NAICS_Code": "813990",
    "NAICS_Code.1": 1931
  },
  {
    "": 2,
    "NAICS_Code": "814110",
    "NAICS_Code.1": 1932
  },
  {
    "": 19905,
    "NAICS_Code": "921100",
    "NAICS_Code.1": 1933
  },
  {
    "": 18953,
    "NAICS_Code": "921110",
    "NAICS_Code.1": 1934
  },
  {
    "": 23444,
    "NAICS_Code": "921120",
    "NAICS_Code.1": 1935
  },
  {
    "": 18914,
    "NAICS_Code": "921130",
    "NAICS_Code.1": 1936
  },
  {
    "": 92106,
    "NAICS_Code": "921140",
    "NAICS_Code.1": 1937
  },
  {
    "": 2626,
    "NAICS_Code": "921150",
    "NAICS_Code.1": 1938
  },
  {
    "": 3317,
    "NAICS_Code": "921190",
    "NAICS_Code.1": 1939
  },
  {
    "": 61113,
    "NAICS_Code": "922110",
    "NAICS_Code.1": 1940
  },
  {
    "": 34645,
    "NAICS_Code": "922120",
    "NAICS_Code.1": 1941
  },
  {
    "": 936,
    "NAICS_Code": "922130",
    "NAICS_Code.1": 1942
  },
  {
    "": 18976,
    "NAICS_Code": "922140",
    "NAICS_Code.1": 1943
  },
  {
    "": 27164,
    "NAICS_Code": "922160",
    "NAICS_Code.1": 1944
  },
  {
    "": 27390,
    "NAICS_Code": "922190",
    "NAICS_Code.1": 1945
  },
  {
    "": 1361,
    "NAICS_Code": "923110",
    "NAICS_Code.1": 1946
  },
  {
    "": 8977,
    "NAICS_Code": "923120",
    "NAICS_Code.1": 1947
  },
  {
    "": 9412,
    "NAICS_Code": "923130",
    "NAICS_Code.1": 1948
  },
  {
    "": 307858,
    "NAICS_Code": "923140",
    "NAICS_Code.1": 1949
  },
  {
    "": 30942,
    "NAICS_Code": "924110",
    "NAICS_Code.1": 1950
  },
  {
    "": 1333,
    "NAICS_Code": "924120",
    "NAICS_Code.1": 1951
  },
  {
    "": 92202,
    "NAICS_Code": "925110",
    "NAICS_Code.1": 1952
  },
  {
    "": 21655,
    "NAICS_Code": "925120",
    "NAICS_Code.1": 1953
  },
  {
    "": 20599,
    "NAICS_Code": "926110",
    "NAICS_Code.1": 1954
  },
  {
    "": 30943,
    "NAICS_Code": "926120",
    "NAICS_Code.1": 1955
  },
  {
    "": 11783,
    "NAICS_Code": "926130",
    "NAICS_Code.1": 1956
  },
  {
    "": 57,
    "NAICS_Code": "926140",
    "NAICS_Code.1": 1957
  },
  {
    "": 45992,
    "NAICS_Code": "926150",
    "NAICS_Code.1": 1958
  },
  {
    "": 217340,
    "NAICS_Code": "927110",
    "NAICS_Code.1": 1959
  },
  {
    "": 18900,
    "NAICS_Code": "928120",
    "NAICS_Code.1": 1960
  }
]
