[
  {
    "": 536,
    "SOC_Code": "11-1011",
    "SOC_Code.1": 0
  },
  {
    "": 645,
    "SOC_Code": "11-1021",
    "SOC_Code.1": 1
  },
  {
    "": 376,
    "SOC_Code": "Nov-11",
    "SOC_Code.1": 2
  },
  {
    "": 364,
    "SOC_Code": "Nov-21",
    "SOC_Code.1": 3
  },
  {
    "": 1675,
    "SOC_Code": "Nov-22",
    "SOC_Code.1": 4
  },
  {
    "": 12032,
    "SOC_Code": "Nov-31",
    "SOC_Code.1": 5
  },
  {
    "": 1852,
    "SOC_Code": "Nov-11",
    "SOC_Code.1": 6
  },
  {
    "": 4919,
    "SOC_Code": "Nov-21",
    "SOC_Code.1": 7
  },
  {
    "": 240,
    "SOC_Code": "Nov-31",
    "SOC_Code.1": 8
  },
  {
    "": 227177,
    "SOC_Code": "11-3031.02",
    "SOC_Code.1": 9
  },
  {
    "": 2348,
    "SOC_Code": "Nov-51",
    "SOC_Code.1": 10
  },
  {
    "": 499730,
    "SOC_Code": "11-3051.01",
    "SOC_Code.1": 11
  },
  {
    "": 6567,
    "SOC_Code": "Nov-61",
    "SOC_Code.1": 12
  },
  {
    "": 1951,
    "SOC_Code": "Nov-71",
    "SOC_Code.1": 13
  },
  {
    "": 137338,
    "SOC_Code": "11-3071.03",
    "SOC_Code.1": 14
  },
  {
    "": 87589,
    "SOC_Code": "Nov-11",
    "SOC_Code.1": 15
  },
  {
    "": 63,
    "SOC_Code": "Nov-21",
    "SOC_Code.1": 16
  },
  {
    "": 4513,
    "SOC_Code": "Nov-31",
    "SOC_Code.1": 17
  },
  {
    "": 18907,
    "SOC_Code": "Nov-13",
    "SOC_Code.1": 18
  },
  {
    "": 1475,
    "SOC_Code": "Nov-21",
    "SOC_Code.1": 19
  },
  {
    "": 70,
    "SOC_Code": "Nov-31",
    "SOC_Code.1": 20
  },
  {
    "": 1722,
    "SOC_Code": "Nov-32",
    "SOC_Code.1": 21
  },
  {
    "": 1380,
    "SOC_Code": "Nov-33",
    "SOC_Code.1": 22
  },
  {
    "": 402,
    "SOC_Code": "Nov-39",
    "SOC_Code.1": 23
  },
  {
    "": 6637,
    "SOC_Code": "Nov-41",
    "SOC_Code.1": 24
  },
  {
    "": 21,
    "SOC_Code": "Nov-51",
    "SOC_Code.1": 25
  },
  {
    "": 6548,
    "SOC_Code": "Nov-81",
    "SOC_Code.1": 26
  },
  {
    "": 1913,
    "SOC_Code": "Nov-11",
    "SOC_Code.1": 27
  },
  {
    "": 539,
    "SOC_Code": "Nov-21",
    "SOC_Code.1": 28
  },
  {
    "": 212,
    "SOC_Code": "Nov-41",
    "SOC_Code.1": 29
  },
  {
    "": 146,
    "SOC_Code": "Nov-51",
    "SOC_Code.1": 30
  },
  {
    "": 4808,
    "SOC_Code": "Nov-61",
    "SOC_Code.1": 31
  },
  {
    "": 5995,
    "SOC_Code": "Nov-99",
    "SOC_Code.1": 32
  },
  {
    "": 312479,
    "SOC_Code": "11-9199.02",
    "SOC_Code.1": 33
  },
  {
    "": 292329,
    "SOC_Code": "11-9199.07",
    "SOC_Code.1": 34
  },
  {
    "": 19349,
    "SOC_Code": "Dec-11",
    "SOC_Code.1": 35
  },
  {
    "": 36827,
    "SOC_Code": "Dec-31",
    "SOC_Code.1": 36
  },
  {
    "": 19038,
    "SOC_Code": "13-1011",
    "SOC_Code.1": 37
  },
  {
    "": 25483,
    "SOC_Code": "13-1021",
    "SOC_Code.1": 38
  },
  {
    "": 16,
    "SOC_Code": "13-1022",
    "SOC_Code.1": 39
  },
  {
    "": 435,
    "SOC_Code": "13-1023",
    "SOC_Code.1": 40
  },
  {
    "": 29270,
    "SOC_Code": "13-1031",
    "SOC_Code.1": 41
  },
  {
    "": 638,
    "SOC_Code": "13-1041",
    "SOC_Code.1": 42
  },
  {
    "": 353389,
    "SOC_Code": "13-1041.07",
    "SOC_Code.1": 43
  },
  {
    "": 246,
    "SOC_Code": "13-1051",
    "SOC_Code.1": 44
  },
  {
    "": 200,
    "SOC_Code": "13-1071",
    "SOC_Code.1": 45
  },
  {
    "": 225321,
    "SOC_Code": "13-1075",
    "SOC_Code.1": 46
  },
  {
    "": 396,
    "SOC_Code": "13-1081",
    "SOC_Code.1": 47
  },
  {
    "": 22763,
    "SOC_Code": "13-1081.00",
    "SOC_Code.1": 48
  },
  {
    "": 265,
    "SOC_Code": "13-1111",
    "SOC_Code.1": 49
  },
  {
    "": 30,
    "SOC_Code": "13-1121",
    "SOC_Code.1": 50
  },
  {
    "": 3008,
    "SOC_Code": "13-1131",
    "SOC_Code.1": 51
  },
  {
    "": 22523,
    "SOC_Code": "13-1141",
    "SOC_Code.1": 52
  },
  {
    "": 128,
    "SOC_Code": "13-1151",
    "SOC_Code.1": 53
  },
  {
    "": 54,
    "SOC_Code": "13-1161",
    "SOC_Code.1": 54
  },
  {
    "": 1404,
    "SOC_Code": "13-1161.00",
    "SOC_Code.1": 55
  },
  {
    "": 458,
    "SOC_Code": "13-1199",
    "SOC_Code.1": 56
  },
  {
    "": 18,
    "SOC_Code": "13-2011",
    "SOC_Code.1": 57
  },
  {
    "": 2453,
    "SOC_Code": "13-2021",
    "SOC_Code.1": 58
  },
  {
    "": 1062,
    "SOC_Code": "13-2031",
    "SOC_Code.1": 59
  },
  {
    "": 390,
    "SOC_Code": "13-2041",
    "SOC_Code.1": 60
  },
  {
    "": 951,
    "SOC_Code": "13-2051",
    "SOC_Code.1": 61
  },
  {
    "": 1780,
    "SOC_Code": "13-2052",
    "SOC_Code.1": 62
  },
  {
    "": 22339,
    "SOC_Code": "13-2053",
    "SOC_Code.1": 63
  },
  {
    "": 4658,
    "SOC_Code": "13-2061",
    "SOC_Code.1": 64
  },
  {
    "": 20392,
    "SOC_Code": "13-2071",
    "SOC_Code.1": 65
  },
  {
    "": 52520,
    "SOC_Code": "13-2072",
    "SOC_Code.1": 66
  },
  {
    "": 32235,
    "SOC_Code": "13-2081",
    "SOC_Code.1": 67
  },
  {
    "": 19044,
    "SOC_Code": "13-2082",
    "SOC_Code.1": 68
  },
  {
    "": 371,
    "SOC_Code": "13-2099",
    "SOC_Code.1": 69
  },
  {
    "": 135790,
    "SOC_Code": "13-2099.01",
    "SOC_Code.1": 70
  },
  {
    "": 266914,
    "SOC_Code": "13-2099.02",
    "SOC_Code.1": 71
  },
  {
    "": 8661,
    "SOC_Code": "15-1022",
    "SOC_Code.1": 72
  },
  {
    "": 12526,
    "SOC_Code": "15-1023",
    "SOC_Code.1": 73
  },
  {
    "": 6000,
    "SOC_Code": "15-1034",
    "SOC_Code.1": 74
  },
  {
    "": 24745,
    "SOC_Code": "15-1035",
    "SOC_Code.1": 75
  },
  {
    "": 43979,
    "SOC_Code": "15-1036",
    "SOC_Code.1": 76
  },
  {
    "": 18084,
    "SOC_Code": "15-1037",
    "SOC_Code.1": 77
  },
  {
    "": 22498,
    "SOC_Code": "15-1052",
    "SOC_Code.1": 78
  },
  {
    "": 251,
    "SOC_Code": "15-1053",
    "SOC_Code.1": 79
  },
  {
    "": 158184,
    "SOC_Code": "15-1054",
    "SOC_Code.1": 80
  },
  {
    "": 108620,
    "SOC_Code": "15-1055",
    "SOC_Code.1": 81
  },
  {
    "": 20530,
    "SOC_Code": "15-1099",
    "SOC_Code.1": 82
  },
  {
    "": 221101,
    "SOC_Code": "15-1109",
    "SOC_Code.1": 83
  },
  {
    "": 2003,
    "SOC_Code": "15-1111",
    "SOC_Code.1": 84
  },
  {
    "": 94875,
    "SOC_Code": "15-1111.00",
    "SOC_Code.1": 85
  },
  {
    "": 1595,
    "SOC_Code": "15-1121",
    "SOC_Code.1": 86
  },
  {
    "": 2356,
    "SOC_Code": "15-1122",
    "SOC_Code.1": 87
  },
  {
    "": 1288,
    "SOC_Code": "15-1131",
    "SOC_Code.1": 88
  },
  {
    "": 1059,
    "SOC_Code": "15-1132",
    "SOC_Code.1": 89
  },
  {
    "": 1551,
    "SOC_Code": "15-1133",
    "SOC_Code.1": 90
  },
  {
    "": 183569,
    "SOC_Code": "15-1133.00",
    "SOC_Code.1": 91
  },
  {
    "": 798,
    "SOC_Code": "15-1134",
    "SOC_Code.1": 92
  },
  {
    "": 1258,
    "SOC_Code": "15-1141",
    "SOC_Code.1": 93
  },
  {
    "": 74767,
    "SOC_Code": "15-1141.00",
    "SOC_Code.1": 94
  },
  {
    "": 297,
    "SOC_Code": "15-1142",
    "SOC_Code.1": 95
  },
  {
    "": 1567,
    "SOC_Code": "15-1143",
    "SOC_Code.1": 96
  },
  {
    "": 338656,
    "SOC_Code": "15-1150",
    "SOC_Code.1": 97
  },
  {
    "": 659,
    "SOC_Code": "15-1151",
    "SOC_Code.1": 98
  },
  {
    "": 1261,
    "SOC_Code": "15-1152",
    "SOC_Code.1": 99
  },
  {
    "": 332,
    "SOC_Code": "15-1199",
    "SOC_Code.1": 100
  },
  {
    "": 45809,
    "SOC_Code": "15-1199.00",
    "SOC_Code.1": 101
  },
  {
    "": 387769,
    "SOC_Code": "15-1199.01",
    "SOC_Code.1": 102
  },
  {
    "": 398390,
    "SOC_Code": "15-1199.02",
    "SOC_Code.1": 103
  },
  {
    "": 412523,
    "SOC_Code": "15-1199.06",
    "SOC_Code.1": 104
  },
  {
    "": 534698,
    "SOC_Code": "15-1199.08",
    "SOC_Code.1": 105
  },
  {
    "": 58258,
    "SOC_Code": "15-1199.09",
    "SOC_Code.1": 106
  },
  {
    "": 2590,
    "SOC_Code": "15-2011",
    "SOC_Code.1": 107
  },
  {
    "": 1438,
    "SOC_Code": "15-2021",
    "SOC_Code.1": 108
  },
  {
    "": 21435,
    "SOC_Code": "15-2021.00",
    "SOC_Code.1": 109
  },
  {
    "": 793,
    "SOC_Code": "15-2031",
    "SOC_Code.1": 110
  },
  {
    "": 703,
    "SOC_Code": "15-2041",
    "SOC_Code.1": 111
  },
  {
    "": 474322,
    "SOC_Code": "15-2041.00",
    "SOC_Code.1": 112
  },
  {
    "": 327,
    "SOC_Code": "15-2091",
    "SOC_Code.1": 113
  },
  {
    "": 20979,
    "SOC_Code": "15-2099",
    "SOC_Code.1": 114
  },
  {
    "": 94624,
    "SOC_Code": "15-3021",
    "SOC_Code.1": 115
  },
  {
    "": 59217,
    "SOC_Code": 151132,
    "SOC_Code.1": 116
  },
  {
    "": 509194,
    "SOC_Code": 151133,
    "SOC_Code.1": 117
  },
  {
    "": 203,
    "SOC_Code": "17-1011",
    "SOC_Code.1": 118
  },
  {
    "": 83573,
    "SOC_Code": "17-1011.00",
    "SOC_Code.1": 119
  },
  {
    "": 782,
    "SOC_Code": "17-1012",
    "SOC_Code.1": 120
  },
  {
    "": 19279,
    "SOC_Code": "17-1021",
    "SOC_Code.1": 121
  },
  {
    "": 4561,
    "SOC_Code": "17-1022",
    "SOC_Code.1": 122
  },
  {
    "": 3668,
    "SOC_Code": "17-2011",
    "SOC_Code.1": 123
  },
  {
    "": 2092,
    "SOC_Code": "17-2021",
    "SOC_Code.1": 124
  },
  {
    "": 1788,
    "SOC_Code": "17-2031",
    "SOC_Code.1": 125
  },
  {
    "": 765,
    "SOC_Code": "17-2041",
    "SOC_Code.1": 126
  },
  {
    "": 135,
    "SOC_Code": "17-2051",
    "SOC_Code.1": 127
  },
  {
    "": 214704,
    "SOC_Code": "17-2051.00",
    "SOC_Code.1": 128
  },
  {
    "": 25760,
    "SOC_Code": "17-2052",
    "SOC_Code.1": 129
  },
  {
    "": 11732,
    "SOC_Code": "17-2053",
    "SOC_Code.1": 130
  },
  {
    "": 4968,
    "SOC_Code": "17-2061",
    "SOC_Code.1": 131
  },
  {
    "": 235450,
    "SOC_Code": "17-2062",
    "SOC_Code.1": 132
  },
  {
    "": 1428,
    "SOC_Code": "17-2063",
    "SOC_Code.1": 133
  },
  {
    "": 619,
    "SOC_Code": "17-2071",
    "SOC_Code.1": 134
  },
  {
    "": 90407,
    "SOC_Code": "17-2071.00",
    "SOC_Code.1": 135
  },
  {
    "": 292,
    "SOC_Code": "17-2072",
    "SOC_Code.1": 136
  },
  {
    "": 4505,
    "SOC_Code": "17-2073",
    "SOC_Code.1": 137
  },
  {
    "": 411,
    "SOC_Code": "17-2074",
    "SOC_Code.1": 138
  },
  {
    "": 24068,
    "SOC_Code": "17-2075",
    "SOC_Code.1": 139
  },
  {
    "": 23198,
    "SOC_Code": "17-2076",
    "SOC_Code.1": 140
  },
  {
    "": 1626,
    "SOC_Code": "17-2081",
    "SOC_Code.1": 141
  },
  {
    "": 391,
    "SOC_Code": "17-2111",
    "SOC_Code.1": 142
  },
  {
    "": 1035,
    "SOC_Code": "17-2112",
    "SOC_Code.1": 143
  },
  {
    "": 33408,
    "SOC_Code": "17-2112.00",
    "SOC_Code.1": 144
  },
  {
    "": 962,
    "SOC_Code": "17-2121",
    "SOC_Code.1": 145
  },
  {
    "": 1680,
    "SOC_Code": "17-2131",
    "SOC_Code.1": 146
  },
  {
    "": 393,
    "SOC_Code": "17-2141",
    "SOC_Code.1": 147
  },
  {
    "": 44657,
    "SOC_Code": "17-2141.00",
    "SOC_Code.1": 148
  },
  {
    "": 26215,
    "SOC_Code": "17-2143",
    "SOC_Code.1": 149
  },
  {
    "": 518,
    "SOC_Code": "17-2144",
    "SOC_Code.1": 150
  },
  {
    "": 1441,
    "SOC_Code": "17-2151",
    "SOC_Code.1": 151
  },
  {
    "": 21371,
    "SOC_Code": "17-2161",
    "SOC_Code.1": 152
  },
  {
    "": 669,
    "SOC_Code": "17-2171",
    "SOC_Code.1": 153
  },
  {
    "": 753,
    "SOC_Code": "17-2199",
    "SOC_Code.1": 154
  },
  {
    "": 430672,
    "SOC_Code": "17-2199.02",
    "SOC_Code.1": 155
  },
  {
    "": 252,
    "SOC_Code": "17-3011",
    "SOC_Code.1": 156
  },
  {
    "": 31508,
    "SOC_Code": "17-3011.00",
    "SOC_Code.1": 157
  },
  {
    "": 622,
    "SOC_Code": "17-3012",
    "SOC_Code.1": 158
  },
  {
    "": 687,
    "SOC_Code": "17-3013",
    "SOC_Code.1": 159
  },
  {
    "": 915,
    "SOC_Code": "17-3019",
    "SOC_Code.1": 160
  },
  {
    "": 12780,
    "SOC_Code": "17-3021",
    "SOC_Code.1": 161
  },
  {
    "": 400,
    "SOC_Code": "17-3022",
    "SOC_Code.1": 162
  },
  {
    "": 704,
    "SOC_Code": "17-3023",
    "SOC_Code.1": 163
  },
  {
    "": 557,
    "SOC_Code": "17-3024",
    "SOC_Code.1": 164
  },
  {
    "": 266,
    "SOC_Code": "17-3025",
    "SOC_Code.1": 165
  },
  {
    "": 19151,
    "SOC_Code": "17-3026",
    "SOC_Code.1": 166
  },
  {
    "": 1133,
    "SOC_Code": "17-3027",
    "SOC_Code.1": 167
  },
  {
    "": 476,
    "SOC_Code": "17-3029",
    "SOC_Code.1": 168
  },
  {
    "": 315075,
    "SOC_Code": "17-3031",
    "SOC_Code.1": 169
  },
  {
    "": 50298,
    "SOC_Code": 172112,
    "SOC_Code.1": 170
  },
  {
    "": 19455,
    "SOC_Code": "19-1011",
    "SOC_Code.1": 171
  },
  {
    "": 792,
    "SOC_Code": "19-1012",
    "SOC_Code.1": 172
  },
  {
    "": 393736,
    "SOC_Code": "19-1012.00",
    "SOC_Code.1": 173
  },
  {
    "": 1144,
    "SOC_Code": "19-1013",
    "SOC_Code.1": 174
  },
  {
    "": 762,
    "SOC_Code": "19-1021",
    "SOC_Code.1": 175
  },
  {
    "": 667,
    "SOC_Code": "19-1022",
    "SOC_Code.1": 176
  },
  {
    "": 59,
    "SOC_Code": "19-1023",
    "SOC_Code.1": 177
  },
  {
    "": 635,
    "SOC_Code": "19-1029",
    "SOC_Code.1": 178
  },
  {
    "": 356448,
    "SOC_Code": "19-1029.01",
    "SOC_Code.1": 179
  },
  {
    "": 43817,
    "SOC_Code": "19-1031",
    "SOC_Code.1": 180
  },
  {
    "": 3911,
    "SOC_Code": "19-1032",
    "SOC_Code.1": 181
  },
  {
    "": 3305,
    "SOC_Code": "19-1041",
    "SOC_Code.1": 182
  },
  {
    "": 0,
    "SOC_Code": "19-1042",
    "SOC_Code.1": 183
  },
  {
    "": 4736,
    "SOC_Code": "19-1099",
    "SOC_Code.1": 184
  },
  {
    "": 23182,
    "SOC_Code": "19-2011",
    "SOC_Code.1": 185
  },
  {
    "": 5793,
    "SOC_Code": "19-2012",
    "SOC_Code.1": 186
  },
  {
    "": 8522,
    "SOC_Code": "19-2021",
    "SOC_Code.1": 187
  },
  {
    "": 283,
    "SOC_Code": "19-2031",
    "SOC_Code.1": 188
  },
  {
    "": 591,
    "SOC_Code": "19-2032",
    "SOC_Code.1": 189
  },
  {
    "": 1385,
    "SOC_Code": "19-2041",
    "SOC_Code.1": 190
  },
  {
    "": 641,
    "SOC_Code": "19-2042",
    "SOC_Code.1": 191
  },
  {
    "": 10925,
    "SOC_Code": "19-2043",
    "SOC_Code.1": 192
  },
  {
    "": 1562,
    "SOC_Code": "19-2099",
    "SOC_Code.1": 193
  },
  {
    "": 2899,
    "SOC_Code": "19-3011",
    "SOC_Code.1": 194
  },
  {
    "": 1306,
    "SOC_Code": "19-3022",
    "SOC_Code.1": 195
  },
  {
    "": 323,
    "SOC_Code": "19-3031",
    "SOC_Code.1": 196
  },
  {
    "": 3655,
    "SOC_Code": "19-3032",
    "SOC_Code.1": 197
  },
  {
    "": 3773,
    "SOC_Code": "19-3039",
    "SOC_Code.1": 198
  },
  {
    "": 1498,
    "SOC_Code": "19-3041",
    "SOC_Code.1": 199
  },
  {
    "": 1500,
    "SOC_Code": "19-3051",
    "SOC_Code.1": 200
  },
  {
    "": 2095,
    "SOC_Code": "19-3091",
    "SOC_Code.1": 201
  },
  {
    "": 23142,
    "SOC_Code": "19-3092",
    "SOC_Code.1": 202
  },
  {
    "": 17166,
    "SOC_Code": "19-3093",
    "SOC_Code.1": 203
  },
  {
    "": 16329,
    "SOC_Code": "19-3094",
    "SOC_Code.1": 204
  },
  {
    "": 3542,
    "SOC_Code": "19-3099",
    "SOC_Code.1": 205
  },
  {
    "": 53373,
    "SOC_Code": "19-3111",
    "SOC_Code.1": 206
  },
  {
    "": 149,
    "SOC_Code": "19-4011",
    "SOC_Code.1": 207
  },
  {
    "": 39,
    "SOC_Code": "19-4021",
    "SOC_Code.1": 208
  },
  {
    "": 293,
    "SOC_Code": "19-4031",
    "SOC_Code.1": 209
  },
  {
    "": 1490,
    "SOC_Code": "19-4041",
    "SOC_Code.1": 210
  },
  {
    "": 489479,
    "SOC_Code": "19-4051",
    "SOC_Code.1": 211
  },
  {
    "": 166,
    "SOC_Code": "19-4061",
    "SOC_Code.1": 212
  },
  {
    "": 891,
    "SOC_Code": "19-4091",
    "SOC_Code.1": 213
  },
  {
    "": 20731,
    "SOC_Code": "19-4092",
    "SOC_Code.1": 214
  },
  {
    "": 108,
    "SOC_Code": "19-4093",
    "SOC_Code.1": 215
  },
  {
    "": 255,
    "SOC_Code": "19-4099",
    "SOC_Code.1": 216
  },
  {
    "": 60,
    "SOC_Code": "21-1011",
    "SOC_Code.1": 217
  },
  {
    "": 316,
    "SOC_Code": "21-1012",
    "SOC_Code.1": 218
  },
  {
    "": 691,
    "SOC_Code": "21-1013",
    "SOC_Code.1": 219
  },
  {
    "": 120,
    "SOC_Code": "21-1014",
    "SOC_Code.1": 220
  },
  {
    "": 65,
    "SOC_Code": "21-1015",
    "SOC_Code.1": 221
  },
  {
    "": 839,
    "SOC_Code": "21-1019",
    "SOC_Code.1": 222
  },
  {
    "": 449,
    "SOC_Code": "21-1021",
    "SOC_Code.1": 223
  },
  {
    "": 594,
    "SOC_Code": "21-1022",
    "SOC_Code.1": 224
  },
  {
    "": 388,
    "SOC_Code": "21-1023",
    "SOC_Code.1": 225
  },
  {
    "": 1114,
    "SOC_Code": "21-1029",
    "SOC_Code.1": 226
  },
  {
    "": 375,
    "SOC_Code": "21-1091",
    "SOC_Code.1": 227
  },
  {
    "": 45846,
    "SOC_Code": "21-1092",
    "SOC_Code.1": 228
  },
  {
    "": 413,
    "SOC_Code": "21-1093",
    "SOC_Code.1": 229
  },
  {
    "": 17760,
    "SOC_Code": "21-1094",
    "SOC_Code.1": 230
  },
  {
    "": 336,
    "SOC_Code": "21-1099",
    "SOC_Code.1": 231
  },
  {
    "": 384,
    "SOC_Code": "21-2011",
    "SOC_Code.1": 232
  },
  {
    "": 19266,
    "SOC_Code": "21-2021",
    "SOC_Code.1": 233
  },
  {
    "": 143,
    "SOC_Code": "21-2099",
    "SOC_Code.1": 234
  },
  {
    "": 1200,
    "SOC_Code": "23-1011",
    "SOC_Code.1": 235
  },
  {
    "": 145,
    "SOC_Code": "23-1012",
    "SOC_Code.1": 236
  },
  {
    "": 20285,
    "SOC_Code": "23-1022",
    "SOC_Code.1": 237
  },
  {
    "": 134,
    "SOC_Code": "23-2011",
    "SOC_Code.1": 238
  },
  {
    "": 207,
    "SOC_Code": "23-2099",
    "SOC_Code.1": 239
  },
  {
    "": 1,
    "SOC_Code": "25-1011",
    "SOC_Code.1": 240
  },
  {
    "": 1971,
    "SOC_Code": "25-1021",
    "SOC_Code.1": 241
  },
  {
    "": 1423,
    "SOC_Code": "25-1022",
    "SOC_Code.1": 242
  },
  {
    "": 739,
    "SOC_Code": "25-1031",
    "SOC_Code.1": 243
  },
  {
    "": 994,
    "SOC_Code": "25-1032",
    "SOC_Code.1": 244
  },
  {
    "": 2061,
    "SOC_Code": "25-1041",
    "SOC_Code.1": 245
  },
  {
    "": 18908,
    "SOC_Code": "25-1042",
    "SOC_Code.1": 246
  },
  {
    "": 25928,
    "SOC_Code": "25-1043",
    "SOC_Code.1": 247
  },
  {
    "": 6363,
    "SOC_Code": "25-1051",
    "SOC_Code.1": 248
  },
  {
    "": 2405,
    "SOC_Code": "25-1052",
    "SOC_Code.1": 249
  },
  {
    "": 12195,
    "SOC_Code": "25-1053",
    "SOC_Code.1": 250
  },
  {
    "": 10968,
    "SOC_Code": "25-1054",
    "SOC_Code.1": 251
  },
  {
    "": 16253,
    "SOC_Code": "25-1061",
    "SOC_Code.1": 252
  },
  {
    "": 13193,
    "SOC_Code": "25-1062",
    "SOC_Code.1": 253
  },
  {
    "": 791,
    "SOC_Code": "25-1063",
    "SOC_Code.1": 254
  },
  {
    "": 1262,
    "SOC_Code": "25-1064",
    "SOC_Code.1": 255
  },
  {
    "": 1310,
    "SOC_Code": "25-1065",
    "SOC_Code.1": 256
  },
  {
    "": 20837,
    "SOC_Code": "25-1066",
    "SOC_Code.1": 257
  },
  {
    "": 21736,
    "SOC_Code": "25-1067",
    "SOC_Code.1": 258
  },
  {
    "": 23590,
    "SOC_Code": "25-1069",
    "SOC_Code.1": 259
  },
  {
    "": 1463,
    "SOC_Code": "25-1071",
    "SOC_Code.1": 260
  },
  {
    "": 19409,
    "SOC_Code": "25-1072",
    "SOC_Code.1": 261
  },
  {
    "": 474,
    "SOC_Code": "25-1081",
    "SOC_Code.1": 262
  },
  {
    "": 18809,
    "SOC_Code": "25-1082",
    "SOC_Code.1": 263
  },
  {
    "": 20640,
    "SOC_Code": "25-1111",
    "SOC_Code.1": 264
  },
  {
    "": 961,
    "SOC_Code": "25-1112",
    "SOC_Code.1": 265
  },
  {
    "": 21911,
    "SOC_Code": "25-1113",
    "SOC_Code.1": 266
  },
  {
    "": 107,
    "SOC_Code": "25-1121",
    "SOC_Code.1": 267
  },
  {
    "": 161,
    "SOC_Code": "25-1122",
    "SOC_Code.1": 268
  },
  {
    "": 983,
    "SOC_Code": "25-1123",
    "SOC_Code.1": 269
  },
  {
    "": 322,
    "SOC_Code": "25-1124",
    "SOC_Code.1": 270
  },
  {
    "": 24172,
    "SOC_Code": "25-1125",
    "SOC_Code.1": 271
  },
  {
    "": 2018,
    "SOC_Code": "25-1126",
    "SOC_Code.1": 272
  },
  {
    "": 27,
    "SOC_Code": "25-1191",
    "SOC_Code.1": 273
  },
  {
    "": 38689,
    "SOC_Code": "25-1192",
    "SOC_Code.1": 274
  },
  {
    "": 666,
    "SOC_Code": "25-1193",
    "SOC_Code.1": 275
  },
  {
    "": 2071,
    "SOC_Code": "25-1194",
    "SOC_Code.1": 276
  },
  {
    "": 494,
    "SOC_Code": "25-1199",
    "SOC_Code.1": 277
  },
  {
    "": 4,
    "SOC_Code": "25-2011",
    "SOC_Code.1": 278
  },
  {
    "": 220,
    "SOC_Code": "25-2012",
    "SOC_Code.1": 279
  },
  {
    "": 334,
    "SOC_Code": "25-2021",
    "SOC_Code.1": 280
  },
  {
    "": 1226,
    "SOC_Code": "25-2022",
    "SOC_Code.1": 281
  },
  {
    "": 20628,
    "SOC_Code": "25-2023",
    "SOC_Code.1": 282
  },
  {
    "": 330,
    "SOC_Code": "25-2031",
    "SOC_Code.1": 283
  },
  {
    "": 21465,
    "SOC_Code": "25-2032",
    "SOC_Code.1": 284
  },
  {
    "": 336164,
    "SOC_Code": "25-2041",
    "SOC_Code.1": 285
  },
  {
    "": 1086,
    "SOC_Code": "25-2051",
    "SOC_Code.1": 286
  },
  {
    "": 19750,
    "SOC_Code": "25-2052",
    "SOC_Code.1": 287
  },
  {
    "": 19998,
    "SOC_Code": "25-2053",
    "SOC_Code.1": 288
  },
  {
    "": 302,
    "SOC_Code": "25-2054",
    "SOC_Code.1": 289
  },
  {
    "": 19705,
    "SOC_Code": "25-2059",
    "SOC_Code.1": 290
  },
  {
    "": 1361,
    "SOC_Code": "25-3011",
    "SOC_Code.1": 291
  },
  {
    "": 1139,
    "SOC_Code": "25-3021",
    "SOC_Code.1": 292
  },
  {
    "": 9,
    "SOC_Code": "25-3098",
    "SOC_Code.1": 293
  },
  {
    "": 5,
    "SOC_Code": "25-3099",
    "SOC_Code.1": 294
  },
  {
    "": 19592,
    "SOC_Code": "25-4011",
    "SOC_Code.1": 295
  },
  {
    "": 148,
    "SOC_Code": "25-4012",
    "SOC_Code.1": 296
  },
  {
    "": 140,
    "SOC_Code": "25-4013",
    "SOC_Code.1": 297
  },
  {
    "": 24404,
    "SOC_Code": "25-4021",
    "SOC_Code.1": 298
  },
  {
    "": 311,
    "SOC_Code": "25-9011",
    "SOC_Code.1": 299
  },
  {
    "": 19013,
    "SOC_Code": "25-9021",
    "SOC_Code.1": 300
  },
  {
    "": 583,
    "SOC_Code": "25-9031",
    "SOC_Code.1": 301
  },
  {
    "": 807,
    "SOC_Code": "25-9041",
    "SOC_Code.1": 302
  },
  {
    "": 116,
    "SOC_Code": "25-9099",
    "SOC_Code.1": 303
  },
  {
    "": 3440,
    "SOC_Code": "27-1011",
    "SOC_Code.1": 304
  },
  {
    "": 314348,
    "SOC_Code": "27-1012",
    "SOC_Code.1": 305
  },
  {
    "": 2793,
    "SOC_Code": "27-1013",
    "SOC_Code.1": 306
  },
  {
    "": 790,
    "SOC_Code": "27-1014",
    "SOC_Code.1": 307
  },
  {
    "": 237495,
    "SOC_Code": "27-1014.00",
    "SOC_Code.1": 308
  },
  {
    "": 1084,
    "SOC_Code": "27-1019",
    "SOC_Code.1": 309
  },
  {
    "": 258,
    "SOC_Code": "27-1021",
    "SOC_Code.1": 310
  },
  {
    "": 156,
    "SOC_Code": "27-1022",
    "SOC_Code.1": 311
  },
  {
    "": 352891,
    "SOC_Code": "27-1023",
    "SOC_Code.1": 312
  },
  {
    "": 104,
    "SOC_Code": "27-1024",
    "SOC_Code.1": 313
  },
  {
    "": 160,
    "SOC_Code": "27-1025",
    "SOC_Code.1": 314
  },
  {
    "": 22264,
    "SOC_Code": "27-1026",
    "SOC_Code.1": 315
  },
  {
    "": 2274,
    "SOC_Code": "27-1027",
    "SOC_Code.1": 316
  },
  {
    "": 277,
    "SOC_Code": "27-1029",
    "SOC_Code.1": 317
  },
  {
    "": 239,
    "SOC_Code": "27-2012",
    "SOC_Code.1": 318
  },
  {
    "": 22571,
    "SOC_Code": "27-2021",
    "SOC_Code.1": 319
  },
  {
    "": 40,
    "SOC_Code": "27-2022",
    "SOC_Code.1": 320
  },
  {
    "": 314983,
    "SOC_Code": "27-2031",
    "SOC_Code.1": 321
  },
  {
    "": 2807,
    "SOC_Code": "27-2032",
    "SOC_Code.1": 322
  },
  {
    "": 168,
    "SOC_Code": "27-2041",
    "SOC_Code.1": 323
  },
  {
    "": 7055,
    "SOC_Code": "27-2042",
    "SOC_Code.1": 324
  },
  {
    "": 20554,
    "SOC_Code": "27-2099",
    "SOC_Code.1": 325
  },
  {
    "": 20326,
    "SOC_Code": "27-3011",
    "SOC_Code.1": 326
  },
  {
    "": 36104,
    "SOC_Code": "27-3021",
    "SOC_Code.1": 327
  },
  {
    "": 52,
    "SOC_Code": "27-3022",
    "SOC_Code.1": 328
  },
  {
    "": 218,
    "SOC_Code": "27-3031",
    "SOC_Code.1": 329
  },
  {
    "": 392,
    "SOC_Code": "27-3041",
    "SOC_Code.1": 330
  },
  {
    "": 820,
    "SOC_Code": "27-3042",
    "SOC_Code.1": 331
  },
  {
    "": 733,
    "SOC_Code": "27-3043",
    "SOC_Code.1": 332
  },
  {
    "": 46,
    "SOC_Code": "27-3091",
    "SOC_Code.1": 333
  },
  {
    "": 61,
    "SOC_Code": "27-3099",
    "SOC_Code.1": 334
  },
  {
    "": 3849,
    "SOC_Code": "27-4011",
    "SOC_Code.1": 335
  },
  {
    "": 335697,
    "SOC_Code": "27-4012",
    "SOC_Code.1": 336
  },
  {
    "": 337,
    "SOC_Code": "27-4014",
    "SOC_Code.1": 337
  },
  {
    "": 333,
    "SOC_Code": "27-4021",
    "SOC_Code.1": 338
  },
  {
    "": 342066,
    "SOC_Code": "27-4031",
    "SOC_Code.1": 339
  },
  {
    "": 481,
    "SOC_Code": "27-4032",
    "SOC_Code.1": 340
  },
  {
    "": 136822,
    "SOC_Code": 271021,
    "SOC_Code.1": 341
  },
  {
    "": 8360,
    "SOC_Code": "29-1011",
    "SOC_Code.1": 342
  },
  {
    "": 5296,
    "SOC_Code": "29-1021",
    "SOC_Code.1": 343
  },
  {
    "": 24425,
    "SOC_Code": "29-1022",
    "SOC_Code.1": 344
  },
  {
    "": 13618,
    "SOC_Code": "29-1023",
    "SOC_Code.1": 345
  },
  {
    "": 17526,
    "SOC_Code": "29-1024",
    "SOC_Code.1": 346
  },
  {
    "": 10155,
    "SOC_Code": "29-1029",
    "SOC_Code.1": 347
  },
  {
    "": 769,
    "SOC_Code": "29-1031",
    "SOC_Code.1": 348
  },
  {
    "": 12079,
    "SOC_Code": "29-1041",
    "SOC_Code.1": 349
  },
  {
    "": 6958,
    "SOC_Code": "29-1051",
    "SOC_Code.1": 350
  },
  {
    "": 18639,
    "SOC_Code": "29-1061",
    "SOC_Code.1": 351
  },
  {
    "": 17433,
    "SOC_Code": "29-1062",
    "SOC_Code.1": 352
  },
  {
    "": 17572,
    "SOC_Code": "29-1063",
    "SOC_Code.1": 353
  },
  {
    "": 35076,
    "SOC_Code": "29-1064",
    "SOC_Code.1": 354
  },
  {
    "": 17327,
    "SOC_Code": "29-1065",
    "SOC_Code.1": 355
  },
  {
    "": 17311,
    "SOC_Code": "29-1066",
    "SOC_Code.1": 356
  },
  {
    "": 13205,
    "SOC_Code": "29-1067",
    "SOC_Code.1": 357
  },
  {
    "": 302781,
    "SOC_Code": "29-1068",
    "SOC_Code.1": 358
  },
  {
    "": 2387,
    "SOC_Code": "29-1069",
    "SOC_Code.1": 359
  },
  {
    "": 6968,
    "SOC_Code": "29-1071",
    "SOC_Code.1": 360
  },
  {
    "": 163265,
    "SOC_Code": "29-1081",
    "SOC_Code.1": 361
  },
  {
    "": 38698,
    "SOC_Code": "29-1111",
    "SOC_Code.1": 362
  },
  {
    "": 597,
    "SOC_Code": "29-1122",
    "SOC_Code.1": 363
  },
  {
    "": 191,
    "SOC_Code": "29-1123",
    "SOC_Code.1": 364
  },
  {
    "": 267547,
    "SOC_Code": "29-1124",
    "SOC_Code.1": 365
  },
  {
    "": 217,
    "SOC_Code": "29-1125",
    "SOC_Code.1": 366
  },
  {
    "": 24755,
    "SOC_Code": "29-1126",
    "SOC_Code.1": 367
  },
  {
    "": 2792,
    "SOC_Code": "29-1127",
    "SOC_Code.1": 368
  },
  {
    "": 381,
    "SOC_Code": "29-1128",
    "SOC_Code.1": 369
  },
  {
    "": 1735,
    "SOC_Code": "29-1129",
    "SOC_Code.1": 370
  },
  {
    "": 295,
    "SOC_Code": "29-1131",
    "SOC_Code.1": 371
  },
  {
    "": 948,
    "SOC_Code": "29-1141",
    "SOC_Code.1": 372
  },
  {
    "": 254531,
    "SOC_Code": "29-1151",
    "SOC_Code.1": 373
  },
  {
    "": 10175,
    "SOC_Code": "29-1171",
    "SOC_Code.1": 374
  },
  {
    "": 35970,
    "SOC_Code": "29-1181",
    "SOC_Code.1": 375
  },
  {
    "": 1024,
    "SOC_Code": "29-1199",
    "SOC_Code.1": 376
  },
  {
    "": 14,
    "SOC_Code": "29-2011",
    "SOC_Code.1": 377
  },
  {
    "": 20858,
    "SOC_Code": "29-2012",
    "SOC_Code.1": 378
  },
  {
    "": 298,
    "SOC_Code": "29-2041",
    "SOC_Code.1": 379
  },
  {
    "": 133,
    "SOC_Code": "29-2052",
    "SOC_Code.1": 380
  },
  {
    "": 74391,
    "SOC_Code": "29-2053",
    "SOC_Code.1": 381
  },
  {
    "": 130,
    "SOC_Code": "29-2056",
    "SOC_Code.1": 382
  },
  {
    "": 20378,
    "SOC_Code": "29-2071",
    "SOC_Code.1": 383
  },
  {
    "": 523887,
    "SOC_Code": "29-2081",
    "SOC_Code.1": 384
  },
  {
    "": 245,
    "SOC_Code": "29-2091",
    "SOC_Code.1": 385
  },
  {
    "": 19768,
    "SOC_Code": "29-2099",
    "SOC_Code.1": 386
  },
  {
    "": 1251,
    "SOC_Code": "29-9011",
    "SOC_Code.1": 387
  },
  {
    "": 8506,
    "SOC_Code": "29-9091",
    "SOC_Code.1": 388
  },
  {
    "": 6503,
    "SOC_Code": "29-9092",
    "SOC_Code.1": 389
  },
  {
    "": 794,
    "SOC_Code": "29-9099",
    "SOC_Code.1": 390
  },
  {
    "": 180543,
    "SOC_Code": 291122,
    "SOC_Code.1": 391
  },
  {
    "": 26,
    "SOC_Code": "31-1011",
    "SOC_Code.1": 392
  },
  {
    "": 316581,
    "SOC_Code": "31-2021",
    "SOC_Code.1": 393
  },
  {
    "": 892,
    "SOC_Code": "31-9091",
    "SOC_Code.1": 394
  },
  {
    "": 554,
    "SOC_Code": "31-9092",
    "SOC_Code.1": 395
  },
  {
    "": 38,
    "SOC_Code": "31-9094",
    "SOC_Code.1": 396
  },
  {
    "": 88,
    "SOC_Code": "31-9096",
    "SOC_Code.1": 397
  },
  {
    "": 3,
    "SOC_Code": "31-9099",
    "SOC_Code.1": 398
  },
  {
    "": 31787,
    "SOC_Code": "33-3021",
    "SOC_Code.1": 399
  },
  {
    "": 19840,
    "SOC_Code": "33-9021",
    "SOC_Code.1": 400
  },
  {
    "": 335,
    "SOC_Code": "33-9092",
    "SOC_Code.1": 401
  },
  {
    "": 98,
    "SOC_Code": "35-1011",
    "SOC_Code.1": 402
  },
  {
    "": 20525,
    "SOC_Code": "35-1012",
    "SOC_Code.1": 403
  },
  {
    "": 37,
    "SOC_Code": "35-2014",
    "SOC_Code.1": 404
  },
  {
    "": 48,
    "SOC_Code": "35-3021",
    "SOC_Code.1": 405
  },
  {
    "": 314323,
    "SOC_Code": "35-3031",
    "SOC_Code.1": 406
  },
  {
    "": 19042,
    "SOC_Code": "35-9031",
    "SOC_Code.1": 407
  },
  {
    "": 314284,
    "SOC_Code": "37-1012",
    "SOC_Code.1": 408
  },
  {
    "": 314281,
    "SOC_Code": "37-2012",
    "SOC_Code.1": 409
  },
  {
    "": 34,
    "SOC_Code": "37-3011",
    "SOC_Code.1": 410
  },
  {
    "": 316180,
    "SOC_Code": "37-3013",
    "SOC_Code.1": 411
  },
  {
    "": 28564,
    "SOC_Code": "39-1021",
    "SOC_Code.1": 412
  },
  {
    "": 51,
    "SOC_Code": "39-2011",
    "SOC_Code.1": 413
  },
  {
    "": 358948,
    "SOC_Code": "39-3092",
    "SOC_Code.1": 414
  },
  {
    "": 44006,
    "SOC_Code": "39-5012",
    "SOC_Code.1": 415
  },
  {
    "": 7,
    "SOC_Code": "39-5092",
    "SOC_Code.1": 416
  },
  {
    "": 335772,
    "SOC_Code": "39-7011",
    "SOC_Code.1": 417
  },
  {
    "": 19104,
    "SOC_Code": "39-7012",
    "SOC_Code.1": 418
  },
  {
    "": 314219,
    "SOC_Code": "39-9011",
    "SOC_Code.1": 419
  },
  {
    "": 2,
    "SOC_Code": "39-9021",
    "SOC_Code.1": 420
  },
  {
    "": 319,
    "SOC_Code": "39-9031",
    "SOC_Code.1": 421
  },
  {
    "": 14156,
    "SOC_Code": "39-9032",
    "SOC_Code.1": 422
  },
  {
    "": 429,
    "SOC_Code": "39-9041",
    "SOC_Code.1": 423
  },
  {
    "": 377,
    "SOC_Code": "41-1012",
    "SOC_Code.1": 424
  },
  {
    "": 114,
    "SOC_Code": "41-2031",
    "SOC_Code.1": 425
  },
  {
    "": 438,
    "SOC_Code": "41-3011",
    "SOC_Code.1": 426
  },
  {
    "": 20153,
    "SOC_Code": "41-3021",
    "SOC_Code.1": 427
  },
  {
    "": 1477,
    "SOC_Code": "41-3031",
    "SOC_Code.1": 428
  },
  {
    "": 244826,
    "SOC_Code": "41-3031.03",
    "SOC_Code.1": 429
  },
  {
    "": 19588,
    "SOC_Code": "41-3041",
    "SOC_Code.1": 430
  },
  {
    "": 91943,
    "SOC_Code": "41-3098",
    "SOC_Code.1": 431
  },
  {
    "": 18816,
    "SOC_Code": "41-3099",
    "SOC_Code.1": 432
  },
  {
    "": 3738,
    "SOC_Code": "41-4011",
    "SOC_Code.1": 433
  },
  {
    "": 118,
    "SOC_Code": "41-4012",
    "SOC_Code.1": 434
  },
  {
    "": 314411,
    "SOC_Code": "41-9011",
    "SOC_Code.1": 435
  },
  {
    "": 12545,
    "SOC_Code": "41-9012",
    "SOC_Code.1": 436
  },
  {
    "": 290144,
    "SOC_Code": "41-9021",
    "SOC_Code.1": 437
  },
  {
    "": 2019,
    "SOC_Code": "41-9031",
    "SOC_Code.1": 438
  },
  {
    "": 113,
    "SOC_Code": "41-9099",
    "SOC_Code.1": 439
  },
  {
    "": 38709,
    "SOC_Code": "43-1011",
    "SOC_Code.1": 440
  },
  {
    "": 426,
    "SOC_Code": "43-3021",
    "SOC_Code.1": 441
  },
  {
    "": 58,
    "SOC_Code": "43-3031",
    "SOC_Code.1": 442
  },
  {
    "": 86,
    "SOC_Code": "43-3061",
    "SOC_Code.1": 443
  },
  {
    "": 550,
    "SOC_Code": "43-3099",
    "SOC_Code.1": 444
  },
  {
    "": 337046,
    "SOC_Code": "43-4011",
    "SOC_Code.1": 445
  },
  {
    "": 151,
    "SOC_Code": "43-4051",
    "SOC_Code.1": 446
  },
  {
    "": 147,
    "SOC_Code": "43-4071",
    "SOC_Code.1": 447
  },
  {
    "": 152,
    "SOC_Code": "43-4131",
    "SOC_Code.1": 448
  },
  {
    "": 55,
    "SOC_Code": "43-4161",
    "SOC_Code.1": 449
  },
  {
    "": 19,
    "SOC_Code": "43-4171",
    "SOC_Code.1": 450
  },
  {
    "": 341956,
    "SOC_Code": "43-4181",
    "SOC_Code.1": 451
  },
  {
    "": 72507,
    "SOC_Code": "43-5011",
    "SOC_Code.1": 452
  },
  {
    "": 27113,
    "SOC_Code": "43-5061",
    "SOC_Code.1": 453
  },
  {
    "": 208,
    "SOC_Code": "43-5071",
    "SOC_Code.1": 454
  },
  {
    "": 25192,
    "SOC_Code": "43-6011",
    "SOC_Code.1": 455
  },
  {
    "": 315230,
    "SOC_Code": "43-6012",
    "SOC_Code.1": 456
  },
  {
    "": 164,
    "SOC_Code": "43-6013",
    "SOC_Code.1": 457
  },
  {
    "": 115,
    "SOC_Code": "43-6014",
    "SOC_Code.1": 458
  },
  {
    "": 4950,
    "SOC_Code": "43-9011",
    "SOC_Code.1": 459
  },
  {
    "": 314215,
    "SOC_Code": "43-9021",
    "SOC_Code.1": 460
  },
  {
    "": 6639,
    "SOC_Code": "43-9031",
    "SOC_Code.1": 461
  },
  {
    "": 19845,
    "SOC_Code": "43-9051",
    "SOC_Code.1": 462
  },
  {
    "": 50,
    "SOC_Code": "43-9061",
    "SOC_Code.1": 463
  },
  {
    "": 19105,
    "SOC_Code": "43-9081",
    "SOC_Code.1": 464
  },
  {
    "": 523,
    "SOC_Code": "43-9111",
    "SOC_Code.1": 465
  },
  {
    "": 2129,
    "SOC_Code": "43-9199",
    "SOC_Code.1": 466
  },
  {
    "": 106,
    "SOC_Code": "45-1011",
    "SOC_Code.1": 467
  },
  {
    "": 57,
    "SOC_Code": "45-2011",
    "SOC_Code.1": 468
  },
  {
    "": 19564,
    "SOC_Code": "45-2021",
    "SOC_Code.1": 469
  },
  {
    "": 19547,
    "SOC_Code": "45-2092",
    "SOC_Code.1": 470
  },
  {
    "": 31,
    "SOC_Code": "45-2093",
    "SOC_Code.1": 471
  },
  {
    "": 19099,
    "SOC_Code": "45-2099",
    "SOC_Code.1": 472
  },
  {
    "": 28,
    "SOC_Code": "45-4011",
    "SOC_Code.1": 473
  },
  {
    "": 385,
    "SOC_Code": "47-1011",
    "SOC_Code.1": 474
  },
  {
    "": 314779,
    "SOC_Code": "47-2031",
    "SOC_Code.1": 475
  },
  {
    "": 2066,
    "SOC_Code": "47-2051",
    "SOC_Code.1": 476
  },
  {
    "": 24,
    "SOC_Code": "47-2061",
    "SOC_Code.1": 477
  },
  {
    "": 18801,
    "SOC_Code": "47-2073",
    "SOC_Code.1": 478
  },
  {
    "": 12528,
    "SOC_Code": "47-2111",
    "SOC_Code.1": 479
  },
  {
    "": 314218,
    "SOC_Code": "47-3019",
    "SOC_Code.1": 480
  },
  {
    "": 2094,
    "SOC_Code": "47-4011",
    "SOC_Code.1": 481
  },
  {
    "": 3892,
    "SOC_Code": "47-4099",
    "SOC_Code.1": 482
  },
  {
    "": 18830,
    "SOC_Code": "49-1011",
    "SOC_Code.1": 483
  },
  {
    "": 1662,
    "SOC_Code": "49-2022",
    "SOC_Code.1": 484
  },
  {
    "": 2075,
    "SOC_Code": "49-2091",
    "SOC_Code.1": 485
  },
  {
    "": 362415,
    "SOC_Code": "49-2093",
    "SOC_Code.1": 486
  },
  {
    "": 3847,
    "SOC_Code": "49-2094",
    "SOC_Code.1": 487
  },
  {
    "": 556,
    "SOC_Code": "49-2098",
    "SOC_Code.1": 488
  },
  {
    "": 1110,
    "SOC_Code": "49-3011",
    "SOC_Code.1": 489
  },
  {
    "": 8,
    "SOC_Code": "49-3023",
    "SOC_Code.1": 490
  },
  {
    "": 2880,
    "SOC_Code": "49-3031",
    "SOC_Code.1": 491
  },
  {
    "": 3841,
    "SOC_Code": "49-3042",
    "SOC_Code.1": 492
  },
  {
    "": 314220,
    "SOC_Code": "49-9021",
    "SOC_Code.1": 493
  },
  {
    "": 41721,
    "SOC_Code": "49-9062",
    "SOC_Code.1": 494
  },
  {
    "": 1514,
    "SOC_Code": "49-9063",
    "SOC_Code.1": 495
  },
  {
    "": 22,
    "SOC_Code": "49-9071",
    "SOC_Code.1": 496
  },
  {
    "": 66,
    "SOC_Code": "49-9098",
    "SOC_Code.1": 497
  },
  {
    "": 101552,
    "SOC_Code": "49-9099",
    "SOC_Code.1": 498
  },
  {
    "": 20357,
    "SOC_Code": "51-1011",
    "SOC_Code.1": 499
  },
  {
    "": 1164,
    "SOC_Code": "51-2011",
    "SOC_Code.1": 500
  },
  {
    "": 338165,
    "SOC_Code": "51-2041",
    "SOC_Code.1": 501
  },
  {
    "": 72,
    "SOC_Code": "51-3011",
    "SOC_Code.1": 502
  },
  {
    "": 122,
    "SOC_Code": "51-3092",
    "SOC_Code.1": 503
  },
  {
    "": 335539,
    "SOC_Code": "51-3093",
    "SOC_Code.1": 504
  },
  {
    "": 209,
    "SOC_Code": "51-3099",
    "SOC_Code.1": 505
  },
  {
    "": 123528,
    "SOC_Code": "51-4012",
    "SOC_Code.1": 506
  },
  {
    "": 4496,
    "SOC_Code": "51-4071",
    "SOC_Code.1": 507
  },
  {
    "": 342069,
    "SOC_Code": "51-5112",
    "SOC_Code.1": 508
  },
  {
    "": 407488,
    "SOC_Code": "51-6092",
    "SOC_Code.1": 509
  },
  {
    "": 19569,
    "SOC_Code": "51-7041",
    "SOC_Code.1": 510
  },
  {
    "": 336727,
    "SOC_Code": "51-7042",
    "SOC_Code.1": 511
  },
  {
    "": 1793,
    "SOC_Code": "51-8091",
    "SOC_Code.1": 512
  },
  {
    "": 379,
    "SOC_Code": "51-9012",
    "SOC_Code.1": 513
  },
  {
    "": 19112,
    "SOC_Code": "51-9061",
    "SOC_Code.1": 514
  },
  {
    "": 85,
    "SOC_Code": "51-9071",
    "SOC_Code.1": 515
  },
  {
    "": 22210,
    "SOC_Code": "51-9081",
    "SOC_Code.1": 516
  },
  {
    "": 344230,
    "SOC_Code": "51-9195",
    "SOC_Code.1": 517
  },
  {
    "": 1250,
    "SOC_Code": "51-9199",
    "SOC_Code.1": 518
  },
  {
    "": 4664,
    "SOC_Code": "53-2011",
    "SOC_Code.1": 519
  },
  {
    "": 18800,
    "SOC_Code": "53-2012",
    "SOC_Code.1": 520
  },
  {
    "": 348376,
    "SOC_Code": "53-2022",
    "SOC_Code.1": 521
  },
  {
    "": 28731,
    "SOC_Code": "53-3032",
    "SOC_Code.1": 522
  },
  {
    "": 350670,
    "SOC_Code": "53-6041",
    "SOC_Code.1": 523
  },
  {
    "": 2396,
    "SOC_Code": "53-6051",
    "SOC_Code.1": 524
  },
  {
    "": 3920,
    "SOC_Code": "53-7021",
    "SOC_Code.1": 525
  }
]
